[2026-01-09T12:57:34.812Z] GET Reports - Query: {} | Found: 2 | User: Siddhesh (admin)
[2026-01-09T12:57:34.915Z] GET Reports - Query: {} | Found: 2 | User: Siddhesh (admin)
[2026-01-09T13:01:31.677Z] GET Reports - Query: {} | Found: 2 | User: Siddhesh (admin)
[2026-01-09T13:01:46.713Z] GET Reports - Query: {} | Found: 2 | User: Siddhesh (admin)
[2026-01-09T13:01:46.893Z] GET Reports - Query: {} | Found: 2 | User: Siddhesh (admin)
[2026-01-09T13:04:02.644Z] GET Reports - Query: {"project":"6960d53d022bb3e1b2f11054","status":"approved"} | Found: 0 | User: Siddhesh (admin)
[2026-01-09T13:04:09.342Z] GET Reports - Query: {"project":"6960c714f4a41591fad6d991","status":"approved"} | Found: 0 | User: Siddhesh (admin)
[2026-01-09T13:04:16.213Z] GET Reports - Query: {"status":"rejected"} | Found: 1 | User: Siddhesh (admin)
[2026-01-09T13:04:55.821Z] GET Reports - Query: {"employee":"69608e4c663ab0e1129c4b75"} | Found: 2 | User: Kshitismita Panda (employee)
[2026-01-09T13:04:55.887Z] GET Reports - Query: {"employee":"69608e4c663ab0e1129c4b75"} | Found: 2 | User: Kshitismita Panda (employee)
[2026-01-09T13:06:51.206Z] GET Reports - Query: {"employee":"69608e4c663ab0e1129c4b75"} | Found: 2 | User: Kshitismita Panda (employee)
[2026-01-09T13:06:51.520Z] GET Reports - Query: {"employee":"69608e4c663ab0e1129c4b75"} | Found: 2 | User: Kshitismita Panda (employee)
[2026-01-09T13:07:42.742Z] GET Reports - Query: {"employee":"69608e4c663ab0e1129c4b75"} | Found: 2 | User: Kshitismita Panda (employee)
[2026-01-09T13:07:42.918Z] GET Reports - Query: {"employee":"69608e4c663ab0e1129c4b75"} | Found: 2 | User: Kshitismita Panda (employee)
[2026-01-09T13:09:14.470Z] GET Reports - Query: {"employee":"69607f30663ab0e1129c47f0"} | Found: 0 | User: Omkar (employee)
[2026-01-09T13:09:14.527Z] GET Reports - Query: {"employee":"69607f30663ab0e1129c47f0"} | Found: 0 | User: Omkar (employee)
[2026-01-09T13:23:21.033Z] GET Reports - Query: {} | Found: 2 | User: Siddhesh (admin)
[2026-01-09T13:23:21.224Z] GET Reports - Query: {} | Found: 2 | User: Siddhesh (admin)
[2026-01-09T13:26:18.663Z] GET Reports - Query: {} | Found: 2 | User: Siddhesh (admin)
[2026-01-09T13:26:18.841Z] GET Reports - Query: {} | Found: 2 | User: Siddhesh (admin)
[2026-01-10T03:23:12.068Z] GET Reports - Query: {} | Found: 2 | User: Siddhesh (admin)
[2026-01-10T03:23:12.292Z] GET Reports - Query: {} | Found: 2 | User: Siddhesh (admin)
[2026-01-10T03:29:57.719Z] GET Reports - Query: {} | Found: 2 | User: Siddhesh (admin)
[2026-01-10T03:29:57.947Z] GET Reports - Query: {} | Found: 2 | User: Siddhesh (admin)
[2026-01-10T03:33:52.288Z] GET Reports - Query: {"employee":"6961c453adfbaae4753659b0"} | Found: 0 | User: Kshitismita Panda (employee)
[2026-01-10T03:33:52.370Z] GET Reports - Query: {"employee":"6961c453adfbaae4753659b0"} | Found: 0 | User: Kshitismita Panda (employee)
[2026-01-10T03:35:37.681Z] GET Reports - Query: {"employee":"6961c453adfbaae4753659b0"} | Found: 0 | User: Kshitismita Panda (employee)
[2026-01-10T03:35:37.739Z] GET Reports - Query: {"employee":"6961c453adfbaae4753659b0"} | Found: 0 | User: Kshitismita Panda (employee)
[2026-01-10T03:36:02.227Z] GET Reports - Query: {"employee":"6961c453adfbaae4753659b0"} | Found: 0 | User: Kshitismita Panda (employee)
[2026-01-10T03:36:02.326Z] GET Reports - Query: {"employee":"6961c453adfbaae4753659b0"} | Found: 0 | User: Kshitismita Panda (employee)
[2026-01-10T03:36:08.041Z] GET Reports - Query: {"employee":"6961c453adfbaae4753659b0"} | Found: 0 | User: Kshitismita Panda (employee)
[2026-01-10T03:36:08.106Z] GET Reports - Query: {"employee":"6961c453adfbaae4753659b0"} | Found: 0 | User: Kshitismita Panda (employee)
[2026-01-10T03:36:28.931Z] GET Reports - Query: {"employee":"6961c453adfbaae4753659b0"} | Found: 0 | User: Kshitismita Panda (employee)
[2026-01-10T03:36:28.986Z] GET Reports - Query: {"employee":"6961c453adfbaae4753659b0"} | Found: 0 | User: Kshitismita Panda (employee)
[2026-01-10T08:00:51.479Z] GET Reports - Query: {} | Found: 2 | User: Siddhesh (admin)
[2026-01-10T08:00:51.644Z] GET Reports - Query: {} | Found: 2 | User: Siddhesh (admin)
[2026-01-10T09:42:03.108Z] GET Reports - Query: {} | Found: 0 | User: Siddhesh (admin)
[2026-01-10T09:42:03.260Z] GET Reports - Query: {} | Found: 0 | User: Siddhesh (admin)
[2026-01-10T09:42:10.679Z] GET Reports - Query: {} | Found: 0 | User: Siddhesh (admin)
[2026-01-10T09:42:10.817Z] GET Reports - Query: {} | Found: 0 | User: Siddhesh (admin)
[2026-01-10T09:50:03.243Z] GET Reports - Query: {"employee":"6961c453adfbaae4753659b0"} | Found: 0 | User: Kshitismita Panda (employee)
[2026-01-10T09:50:03.452Z] GET Reports - Query: {"employee":"6961c453adfbaae4753659b0"} | Found: 0 | User: Kshitismita Panda (employee)
[2026-01-10T09:50:16.498Z] GET Reports - Query: {"employee":"6961c453adfbaae4753659b0"} | Found: 0 | User: Kshitismita Panda (employee)
[2026-01-10T09:50:16.579Z] GET Reports - Query: {"employee":"6961c453adfbaae4753659b0"} | Found: 0 | User: Kshitismita Panda (employee)
[2026-01-10T09:51:34.145Z] GET Reports - Query: {"employee":"6961c453adfbaae4753659b0"} | Found: 0 | User: Kshitismita Panda (employee)
[2026-01-10T09:51:34.203Z] GET Reports - Query: {"employee":"6961c453adfbaae4753659b0"} | Found: 0 | User: Kshitismita Panda (employee)
[2026-01-10T09:51:48.655Z] GET Reports - Query: {"employee":"6961c453adfbaae4753659b0"} | Found: 1 | User: Kshitismita Panda (employee)
[2026-01-10T09:51:48.754Z] GET Reports - Query: {"employee":"6961c453adfbaae4753659b0"} | Found: 1 | User: Kshitismita Panda (employee)
[2026-01-10T10:09:01.545Z] GET Reports - Query: {"employee":"6961c453adfbaae4753659b0"} | Found: 1 | User: Kshitismita Panda (employee)
[2026-01-10T10:09:01.630Z] GET Reports - Query: {"employee":"6961c453adfbaae4753659b0"} | Found: 1 | User: Kshitismita Panda (employee)
[2026-01-10T10:11:25.982Z] GET Reports - Query: {} | Found: 1 | User: Siddhesh (admin)
[2026-01-10T10:11:26.155Z] GET Reports - Query: {} | Found: 1 | User: Siddhesh (admin)
[2026-01-10T10:12:11.585Z] GET Reports - Query: {"employee":"6961c453adfbaae4753659b0"} | Found: 1 | User: Kshitismita Panda (employee)
[2026-01-10T10:12:11.674Z] GET Reports - Query: {"employee":"6961c453adfbaae4753659b0"} | Found: 1 | User: Kshitismita Panda (employee)
[2026-01-10T10:12:48.395Z] GET Reports - Query: {} | Found: 1 | User: Siddhesh (admin)
[2026-01-10T10:12:48.585Z] GET Reports - Query: {} | Found: 1 | User: Siddhesh (admin)
[2026-01-10T10:16:54.341Z] GET Reports - Query: {} | Found: 1 | User: Siddhesh (admin)
[2026-01-10T10:17:13.109Z] GET Reports - Query: {} | Found: 1 | User: Siddhesh (admin)
[2026-01-10T10:32:21.699Z] GET Reports - Query: {} | Found: 1 | User: Siddhesh (admin)
[2026-01-10T10:32:21.863Z] GET Reports - Query: {} | Found: 1 | User: Siddhesh (admin)
[2026-01-10T10:32:42.038Z] GET Reports - Query: {"employee":"6961c453adfbaae4753659b0"} | Found: 1 | User: Kshitismita Panda (employee)
[2026-01-10T10:32:42.115Z] GET Reports - Query: {"employee":"6961c453adfbaae4753659b0"} | Found: 1 | User: Kshitismita Panda (employee)
[2026-01-10T10:32:46.872Z] GET Reports - Query: {"employee":"6961c453adfbaae4753659b0"} | Found: 1 | User: Kshitismita Panda (employee)
[2026-01-10T10:32:46.952Z] GET Reports - Query: {"employee":"6961c453adfbaae4753659b0"} | Found: 1 | User: Kshitismita Panda (employee)
[2026-01-10T10:34:05.709Z] GET Reports - Query: {"employee":"6961c453adfbaae4753659b0"} | Found: 1 | User: Kshitismita Panda (employee)
[2026-01-10T10:34:05.886Z] GET Reports - Query: {"employee":"6961c453adfbaae4753659b0"} | Found: 1 | User: Kshitismita Panda (employee)
[2026-01-10T10:36:36.148Z] GET Reports - Query: {"employee":"6961c453adfbaae4753659b0"} | Found: 1 | User: Kshitismita Panda (employee)
[2026-01-10T10:36:36.293Z] GET Reports - Query: {"employee":"6961c453adfbaae4753659b0"} | Found: 1 | User: Kshitismita Panda (employee)
[2026-01-10T10:36:39.331Z] GET Reports - Query: {"employee":"6961c453adfbaae4753659b0"} | Found: 1 | User: Kshitismita Panda (employee)
[2026-01-10T10:36:39.550Z] GET Reports - Query: {"employee":"6961c453adfbaae4753659b0"} | Found: 1 | User: Kshitismita Panda (employee)
[2026-01-10T10:36:41.773Z] GET Reports - Query: {"employee":"6961c453adfbaae4753659b0"} | Found: 1 | User: Kshitismita Panda (employee)
[2026-01-10T10:36:41.904Z] GET Reports - Query: {"employee":"6961c453adfbaae4753659b0"} | Found: 1 | User: Kshitismita Panda (employee)
[2026-01-10T10:36:47.691Z] GET Reports - Query: {"employee":"6961c453adfbaae4753659b0"} | Found: 1 | User: Kshitismita Panda (employee)
[2026-01-10T10:36:47.813Z] GET Reports - Query: {"employee":"6961c453adfbaae4753659b0"} | Found: 1 | User: Kshitismita Panda (employee)
[2026-01-10T10:39:08.976Z] GET Reports - Query: {"employee":"6961c453adfbaae4753659b0"} | Found: 1 | User: Kshitismita Panda (employee)
[2026-01-10T10:39:09.120Z] GET Reports - Query: {"employee":"6961c453adfbaae4753659b0"} | Found: 1 | User: Kshitismita Panda (employee)
[2026-01-10T10:39:16.744Z] GET Reports - Query: {"employee":"6961c453adfbaae4753659b0"} | Found: 1 | User: Kshitismita Panda (employee)
[2026-01-10T10:39:16.850Z] GET Reports - Query: {"employee":"6961c453adfbaae4753659b0"} | Found: 1 | User: Kshitismita Panda (employee)
[2026-01-10T10:39:45.806Z] GET Reports - Query: {} | Found: 1 | User: Siddhesh (admin)
[2026-01-10T10:39:46.026Z] GET Reports - Query: {} | Found: 1 | User: Siddhesh (admin)
[2026-01-10T10:40:20.606Z] GET Reports - Query: {"employee":"6961c453adfbaae4753659b0"} | Found: 1 | User: Kshitismita Panda (employee)
[2026-01-10T10:40:20.694Z] GET Reports - Query: {"employee":"6961c453adfbaae4753659b0"} | Found: 1 | User: Kshitismita Panda (employee)
[2026-01-10T10:40:27.359Z] GET Reports - Query: {"employee":"6961c453adfbaae4753659b0"} | Found: 1 | User: Kshitismita Panda (employee)
[2026-01-10T10:40:27.463Z] GET Reports - Query: {"employee":"6961c453adfbaae4753659b0"} | Found: 1 | User: Kshitismita Panda (employee)
[2026-01-10T10:40:31.661Z] GET Reports - Query: {"employee":"6961c453adfbaae4753659b0"} | Found: 1 | User: Kshitismita Panda (employee)
[2026-01-10T10:40:31.765Z] GET Reports - Query: {"employee":"6961c453adfbaae4753659b0"} | Found: 1 | User: Kshitismita Panda (employee)
[2026-01-10T10:50:56.434Z] Create Doc Error: ReferenceLibrary validation failed: category: `onboarding` is not a valid enum value for path `category`.
Stack: ValidationError: ReferenceLibrary validation failed: category: `onboarding` is not a valid enum value for path `category`.
    at Document.invalidate (E:\NeuralArc\ems\node_modules\mongoose\lib\document.js:3379:32)
    at validatePath (E:\NeuralArc\ems\node_modules\mongoose\lib\document.js:3154:13)
    at process.processTicksAndRejections (node:internal/process/task_queues:105:5)
    at async Promise.all (index 2)
    at async model.$__validate (E:\NeuralArc\ems\node_modules\mongoose\lib\document.js:3095:3)
    at async model.validate (E:\NeuralArc\ems\node_modules\mongoose\lib\document.js:2672:5)
    at async model.validateBeforeSave (E:\NeuralArc\ems\node_modules\mongoose\lib\plugins\validateBeforeSave.js:34:7)
    at async Kareem.execPre (E:\NeuralArc\ems\node_modules\kareem\index.js:65:24)
    at async model.$__save (E:\NeuralArc\ems\node_modules\mongoose\lib\model.js:369:5)
    at async model.save (E:\NeuralArc\ems\node_modules\mongoose\lib\model.js:609:5)
    at async handleCreateDocument (E:\NeuralArc\ems\.next\dev\server\chunks\[root-of-the-server]__deb09b52._.js:444:9)
    at async E:\NeuralArc\ems\.next\dev\server\chunks\[root-of-the-server]__deb09b52._.js:308:20
    at async AppRouteRouteModule.do (E:\NeuralArc\ems\node_modules\next\dist\compiled\next-server\app-route-turbo.runtime.dev.js:5:37866)
    at async AppRouteRouteModule.handle (E:\NeuralArc\ems\node_modules\next\dist\compiled\next-server\app-route-turbo.runtime.dev.js:5:45156)
    at async responseGenerator (E:\NeuralArc\ems\.next\dev\server\chunks\[root-of-the-server]__5fa7a7e4._.js:19958:38)
    at async AppRouteRouteModule.handleResponse (E:\NeuralArc\ems\node_modules\next\dist\compiled\next-server\app-route-turbo.runtime.dev.js:1:187713)
    at async handleResponse (E:\NeuralArc\ems\.next\dev\server\chunks\[root-of-the-server]__5fa7a7e4._.js:20021:32)
    at async Module.handler (E:\NeuralArc\ems\.next\dev\server\chunks\[root-of-the-server]__5fa7a7e4._.js:20074:13)
    at async DevServer.renderToResponseWithComponentsImpl (E:\NeuralArc\ems\node_modules\next\dist\server\base-server.js:1422:9)
    at async DevServer.renderPageComponent (E:\NeuralArc\ems\node_modules\next\dist\server\base-server.js:1474:24)
    at async DevServer.renderToResponseImpl (E:\NeuralArc\ems\node_modules\next\dist\server\base-server.js:1524:32)
    at async DevServer.pipeImpl (E:\NeuralArc\ems\node_modules\next\dist\server\base-server.js:1018:25)
    at async NextNodeServer.handleCatchallRenderRequest (E:\NeuralArc\ems\node_modules\next\dist\server\next-server.js:395:17)
    at async DevServer.handleRequestImpl (E:\NeuralArc\ems\node_modules\next\dist\server\base-server.js:909:17)
    at async E:\NeuralArc\ems\node_modules\next\dist\server\dev\next-dev-server.js:387:20
    at async Span.traceAsyncFn (E:\NeuralArc\ems\node_modules\next\dist\trace\trace.js:157:20)
    at async DevServer.handleRequest (E:\NeuralArc\ems\node_modules\next\dist\server\dev\next-dev-server.js:383:24)
    at async invokeRender (E:\NeuralArc\ems\node_modules\next\dist\server\lib\router-server.js:248:21)
    at async handleRequest (E:\NeuralArc\ems\node_modules\next\dist\server\lib\router-server.js:447:24)
    at async requestHandlerImpl (E:\NeuralArc\ems\node_modules\next\dist\server\lib\router-server.js:496:13)
    at async Server.requestListener (E:\NeuralArc\ems\node_modules\next\dist\server\lib\start-server.js:226:13)
Errors: {"category":{"name":"ValidatorError","message":"`onboarding` is not a valid enum value for path `category`.","properties":{"message":"`onboarding` is not a valid enum value for path `category`.","type":"enum","enumValues":["policy","technical","template","guide","form","other"],"path":"category","value":"onboarding","length":10},"kind":"enum","path":"category","value":"onboarding"}}

[2026-01-10T10:51:21.650Z] Create Doc Error: ReferenceLibrary validation failed: category: `onboarding` is not a valid enum value for path `category`.
Stack: ValidationError: ReferenceLibrary validation failed: category: `onboarding` is not a valid enum value for path `category`.
    at Document.invalidate (E:\NeuralArc\ems\node_modules\mongoose\lib\document.js:3379:32)
    at validatePath (E:\NeuralArc\ems\node_modules\mongoose\lib\document.js:3154:13)
    at process.processTicksAndRejections (node:internal/process/task_queues:105:5)
    at async Promise.all (index 2)
    at async model.$__validate (E:\NeuralArc\ems\node_modules\mongoose\lib\document.js:3095:3)
    at async model.validate (E:\NeuralArc\ems\node_modules\mongoose\lib\document.js:2672:5)
    at async model.validateBeforeSave (E:\NeuralArc\ems\node_modules\mongoose\lib\plugins\validateBeforeSave.js:34:7)
    at async Kareem.execPre (E:\NeuralArc\ems\node_modules\kareem\index.js:65:24)
    at async model.$__save (E:\NeuralArc\ems\node_modules\mongoose\lib\model.js:369:5)
    at async model.save (E:\NeuralArc\ems\node_modules\mongoose\lib\model.js:609:5)
    at async handleCreateDocument (E:\NeuralArc\ems\.next\dev\server\chunks\[root-of-the-server]__deb09b52._.js:444:9)
    at async E:\NeuralArc\ems\.next\dev\server\chunks\[root-of-the-server]__deb09b52._.js:308:20
    at async AppRouteRouteModule.do (E:\NeuralArc\ems\node_modules\next\dist\compiled\next-server\app-route-turbo.runtime.dev.js:5:37866)
    at async AppRouteRouteModule.handle (E:\NeuralArc\ems\node_modules\next\dist\compiled\next-server\app-route-turbo.runtime.dev.js:5:45156)
    at async responseGenerator (E:\NeuralArc\ems\.next\dev\server\chunks\[root-of-the-server]__5fa7a7e4._.js:19958:38)
    at async AppRouteRouteModule.handleResponse (E:\NeuralArc\ems\node_modules\next\dist\compiled\next-server\app-route-turbo.runtime.dev.js:1:187713)
    at async handleResponse (E:\NeuralArc\ems\.next\dev\server\chunks\[root-of-the-server]__5fa7a7e4._.js:20021:32)
    at async Module.handler (E:\NeuralArc\ems\.next\dev\server\chunks\[root-of-the-server]__5fa7a7e4._.js:20074:13)
    at async DevServer.renderToResponseWithComponentsImpl (E:\NeuralArc\ems\node_modules\next\dist\server\base-server.js:1422:9)
    at async DevServer.renderPageComponent (E:\NeuralArc\ems\node_modules\next\dist\server\base-server.js:1474:24)
    at async DevServer.renderToResponseImpl (E:\NeuralArc\ems\node_modules\next\dist\server\base-server.js:1524:32)
    at async DevServer.pipeImpl (E:\NeuralArc\ems\node_modules\next\dist\server\base-server.js:1018:25)
    at async NextNodeServer.handleCatchallRenderRequest (E:\NeuralArc\ems\node_modules\next\dist\server\next-server.js:395:17)
    at async DevServer.handleRequestImpl (E:\NeuralArc\ems\node_modules\next\dist\server\base-server.js:909:17)
    at async E:\NeuralArc\ems\node_modules\next\dist\server\dev\next-dev-server.js:387:20
    at async Span.traceAsyncFn (E:\NeuralArc\ems\node_modules\next\dist\trace\trace.js:157:20)
    at async DevServer.handleRequest (E:\NeuralArc\ems\node_modules\next\dist\server\dev\next-dev-server.js:383:24)
    at async invokeRender (E:\NeuralArc\ems\node_modules\next\dist\server\lib\router-server.js:248:21)
    at async handleRequest (E:\NeuralArc\ems\node_modules\next\dist\server\lib\router-server.js:447:24)
    at async requestHandlerImpl (E:\NeuralArc\ems\node_modules\next\dist\server\lib\router-server.js:496:13)
    at async Server.requestListener (E:\NeuralArc\ems\node_modules\next\dist\server\lib\start-server.js:226:13)
Errors: {"category":{"name":"ValidatorError","message":"`onboarding` is not a valid enum value for path `category`.","properties":{"message":"`onboarding` is not a valid enum value for path `category`.","type":"enum","enumValues":["policy","technical","template","guide","form","other"],"path":"category","value":"onboarding","length":10},"kind":"enum","path":"category","value":"onboarding"}}

[2026-01-10T10:52:23.498Z] GET Reports - Query: {"employee":"6961c453adfbaae4753659b0"} | Found: 1 | User: Kshitismita Panda (employee)
[2026-01-10T10:52:23.645Z] GET Reports - Query: {"employee":"6961c453adfbaae4753659b0"} | Found: 1 | User: Kshitismita Panda (employee)
[2026-01-10T11:23:11.283Z] Upload API Error: cloud_name is disabled
Stack: undefined

[2026-01-10T11:30:51.600Z] Upload API Error: cloud_name is disabled
Stack: undefined

[2026-01-10T11:54:56.170Z] Upload API Error: cloud_name is disabled
Stack: undefined

[2026-01-10T11:57:45.403Z] Upload API Error: cloud_name is disabled
Stack: undefined

[2026-01-10T12:03:06.049Z] GET Reports - Query: {} | Found: 1 | User: Siddhesh (admin)
[2026-01-10T12:03:06.981Z] GET Reports - Query: {} | Found: 1 | User: Siddhesh (admin)
[2026-01-10T12:09:28.627Z] Upload API Error: cloud_name is disabled
Stack: undefined

[2026-01-10T12:12:18.205Z] GET Reports - Query: {} | Found: 1 | User: Siddhesh (admin)
[2026-01-10T12:12:18.393Z] GET Reports - Query: {} | Found: 1 | User: Siddhesh (admin)
[2026-01-10T13:15:46.636Z] GET Reports - Query: {"employee":"6961c453adfbaae4753659b0"} | Found: 1 | User: Kshitismita Panda (employee)
[2026-01-10T13:36:38.515Z] GET Reports - Query: {"employee":"6961c453adfbaae4753659b0"} | Found: 1 | User: Kshitismita Panda (employee)
[2026-01-10T13:36:38.895Z] GET Reports - Query: {"employee":"6961c453adfbaae4753659b0"} | Found: 1 | User: Kshitismita Panda (employee)
[2026-01-10T13:37:43.424Z] GET Reports - Query: {"employee":"6961c453adfbaae4753659b0"} | Found: 1 | User: Kshitismita Panda (employee)
[2026-01-10T13:37:44.249Z] GET Reports - Query: {"employee":"6961c453adfbaae4753659b0"} | Found: 1 | User: Kshitismita Panda (employee)
[2026-01-10T13:42:23.919Z] GET Reports - Query: {"employee":"6961c453adfbaae4753659b0"} | Found: 1 | User: Kshitismita Panda (employee)
[2026-01-10T13:42:49.932Z] GET Reports - Query: {"employee":"6961c453adfbaae4753659b0"} | Found: 1 | User: Kshitismita Panda (employee)
[2026-01-10T13:42:53.223Z] GET Reports - Query: {"employee":"6961c453adfbaae4753659b0"} | Found: 1 | User: Kshitismita Panda (employee)
[2026-01-10T13:45:38.508Z] GET Reports - Query: {"employee":"6961c453adfbaae4753659b0"} | Found: 1 | User: Kshitismita Panda (employee)
[2026-01-10T13:45:38.810Z] GET Reports - Query: {"employee":"6961c453adfbaae4753659b0"} | Found: 1 | User: Kshitismita Panda (employee)
[2026-01-10T13:57:03.700Z] GET Reports - Query: {"employee":"6961c453adfbaae4753659b0"} | Found: 1 | User: Kshitismita Panda (employee)
[2026-01-10T13:57:04.021Z] GET Reports - Query: {"employee":"6961c453adfbaae4753659b0"} | Found: 1 | User: Kshitismita Panda (employee)
[2026-01-10T15:12:02.732Z] GET Reports - Query: {"employee":"6961c453adfbaae4753659b0"} | Found: 1 | User: Kshitismita Panda (employee)
[2026-01-10T15:12:02.871Z] GET Reports - Query: {"employee":"6961c453adfbaae4753659b0"} | Found: 1 | User: Kshitismita Panda (employee)
[2026-01-10T15:12:08.131Z] GET Reports - Query: {"employee":"6961c453adfbaae4753659b0"} | Found: 1 | User: Kshitismita Panda (employee)
[2026-01-10T15:12:08.302Z] GET Reports - Query: {"employee":"6961c453adfbaae4753659b0"} | Found: 1 | User: Kshitismita Panda (employee)
[2026-01-10T15:12:36.664Z] GET Reports - Query: {"employee":"6961c453adfbaae4753659b0"} | Found: 1 | User: Kshitismita Panda (employee)
[2026-01-10T15:12:36.770Z] GET Reports - Query: {"employee":"6961c453adfbaae4753659b0"} | Found: 1 | User: Kshitismita Panda (employee)
[2026-01-10T15:13:53.881Z] GET Reports - Query: {} | Found: 1 | User: Siddhesh (admin)
[2026-01-10T15:13:54.090Z] GET Reports - Query: {} | Found: 1 | User: Siddhesh (admin)
[2026-01-10T15:15:49.043Z] GET Reports - Query: {} | Found: 1 | User: Siddhesh (admin)
[2026-01-10T15:15:49.250Z] GET Reports - Query: {} | Found: 1 | User: Siddhesh (admin)
[2026-01-10T15:21:33.639Z] GET Reports - Query: {} | Found: 1 | User: Siddhesh (admin)
[2026-01-10T15:21:33.847Z] GET Reports - Query: {} | Found: 1 | User: Siddhesh (admin)
[2026-01-10T15:21:51.934Z] GET Reports - Query: {"employee":"6961c453adfbaae4753659b0"} | Found: 1 | User: Kshitismita Panda (employee)
[2026-01-10T15:21:52.068Z] GET Reports - Query: {"employee":"6961c453adfbaae4753659b0"} | Found: 1 | User: Kshitismita Panda (employee)
[2026-01-10T15:21:59.531Z] GET Reports - Query: {"employee":"6961c453adfbaae4753659b0"} | Found: 1 | User: Kshitismita Panda (employee)
[2026-01-10T15:21:59.735Z] GET Reports - Query: {"employee":"6961c453adfbaae4753659b0"} | Found: 1 | User: Kshitismita Panda (employee)
[2026-01-10T15:23:10.522Z] GET Reports - Query: {"employee":"6961c453adfbaae4753659b0"} | Found: 1 | User: Kshitismita Panda (employee)
[2026-01-10T15:24:16.067Z] GET Reports - Query: {"employee":"6961c453adfbaae4753659b0"} | Found: 2 | User: Kshitismita Panda (employee)
[2026-01-10T15:24:16.159Z] GET Reports - Query: {"employee":"6961c453adfbaae4753659b0"} | Found: 2 | User: Kshitismita Panda (employee)
[2026-01-10T15:24:24.016Z] GET Reports - Query: {"employee":"6961c453adfbaae4753659b0"} | Found: 2 | User: Kshitismita Panda (employee)
[2026-01-10T15:24:24.142Z] GET Reports - Query: {"employee":"6961c453adfbaae4753659b0"} | Found: 2 | User: Kshitismita Panda (employee)
[2026-01-10T15:25:01.640Z] GET Reports - Query: {} | Found: 2 | User: Siddhesh (admin)
[2026-01-10T15:25:01.844Z] GET Reports - Query: {} | Found: 2 | User: Siddhesh (admin)
[2026-01-10T15:25:48.598Z] GET Reports - Query: {"employee":"6961c453adfbaae4753659b0"} | Found: 2 | User: Kshitismita Panda (employee)
[2026-01-10T15:25:48.800Z] GET Reports - Query: {"employee":"6961c453adfbaae4753659b0"} | Found: 2 | User: Kshitismita Panda (employee)
[2026-01-10T15:26:00.078Z] GET Reports - Query: {"employee":"6961c453adfbaae4753659b0"} | Found: 2 | User: Kshitismita Panda (employee)
[2026-01-10T15:26:00.242Z] GET Reports - Query: {"employee":"6961c453adfbaae4753659b0"} | Found: 2 | User: Kshitismita Panda (employee)
[2026-01-10T15:26:07.336Z] GET Reports - Query: {"employee":"6961c453adfbaae4753659b0"} | Found: 2 | User: Kshitismita Panda (employee)
[2026-01-10T15:26:07.461Z] GET Reports - Query: {"employee":"6961c453adfbaae4753659b0"} | Found: 2 | User: Kshitismita Panda (employee)
[2026-01-10T15:26:15.527Z] GET Reports - Query: {"employee":"6961c453adfbaae4753659b0"} | Found: 2 | User: Kshitismita Panda (employee)
[2026-01-10T15:26:16.046Z] GET Reports - Query: {"employee":"6961c453adfbaae4753659b0"} | Found: 2 | User: Kshitismita Panda (employee)
[2026-01-10T15:26:23.525Z] GET Reports - Query: {"employee":"6961c453adfbaae4753659b0"} | Found: 2 | User: Kshitismita Panda (employee)
[2026-01-10T15:26:23.767Z] GET Reports - Query: {"employee":"6961c453adfbaae4753659b0"} | Found: 2 | User: Kshitismita Panda (employee)
[2026-01-10T15:27:18.824Z] GET Reports - Query: {"employee":"6961c453adfbaae4753659b0"} | Found: 2 | User: Kshitismita Panda (employee)
[2026-01-10T15:27:30.678Z] GET Reports - Query: {"employee":"6961c453adfbaae4753659b0"} | Found: 2 | User: Kshitismita Panda (employee)
[2026-01-10T15:27:30.809Z] GET Reports - Query: {"employee":"6961c453adfbaae4753659b0"} | Found: 2 | User: Kshitismita Panda (employee)
[2026-01-10T15:28:26.604Z] GET Reports - Query: {"employee":"6961c453adfbaae4753659b0"} | Found: 2 | User: Kshitismita Panda (employee)
[2026-01-10T15:28:26.735Z] GET Reports - Query: {"employee":"6961c453adfbaae4753659b0"} | Found: 2 | User: Kshitismita Panda (employee)
[2026-01-10T15:28:45.325Z] GET Reports - Query: {"employee":"6961c453adfbaae4753659b0"} | Found: 2 | User: Kshitismita Panda (employee)
[2026-01-10T15:28:45.481Z] GET Reports - Query: {"employee":"6961c453adfbaae4753659b0"} | Found: 2 | User: Kshitismita Panda (employee)
[2026-01-10T15:28:53.397Z] GET Reports - Query: {"employee":"6961c453adfbaae4753659b0"} | Found: 2 | User: Kshitismita Panda (employee)
[2026-01-10T15:28:53.577Z] GET Reports - Query: {"employee":"6961c453adfbaae4753659b0"} | Found: 2 | User: Kshitismita Panda (employee)
[2026-01-10T15:30:29.942Z] GET Reports - Query: {"employee":"6961c453adfbaae4753659b0","status":"submitted"} | Found: 1 | User: Kshitismita Panda (employee)
[2026-01-10T15:30:29.976Z] GET Reports - Query: {"employee":"6961c453adfbaae4753659b0"} | Found: 2 | User: Kshitismita Panda (employee)
[2026-01-10T15:30:36.743Z] GET Reports - Query: {"employee":"6961c453adfbaae4753659b0","status":"submitted"} | Found: 1 | User: Kshitismita Panda (employee)
[2026-01-10T15:30:36.805Z] GET Reports - Query: {"employee":"6961c453adfbaae4753659b0"} | Found: 2 | User: Kshitismita Panda (employee)
[2026-01-10T15:30:37.075Z] GET Reports - Query: {"employee":"6961c453adfbaae4753659b0","status":"submitted"} | Found: 1 | User: Kshitismita Panda (employee)
[2026-01-10T15:30:37.104Z] GET Reports - Query: {"employee":"6961c453adfbaae4753659b0"} | Found: 2 | User: Kshitismita Panda (employee)
[2026-01-10T15:32:20.715Z] GET Reports - Query: {"employee":"6961c453adfbaae4753659b0"} | Found: 2 | User: Kshitismita Panda (employee)
[2026-01-10T15:32:20.832Z] GET Reports - Query: {"employee":"6961c453adfbaae4753659b0"} | Found: 2 | User: Kshitismita Panda (employee)
[2026-01-10T15:32:25.029Z] GET Reports - Query: {"employee":"6961c453adfbaae4753659b0"} | Found: 2 | User: Kshitismita Panda (employee)
[2026-01-10T15:32:25.433Z] GET Reports - Query: {"employee":"6961c453adfbaae4753659b0"} | Found: 2 | User: Kshitismita Panda (employee)
[2026-01-10T15:33:55.181Z] GET Reports - Query: {"employee":"6961c453adfbaae4753659b0"} | Found: 2 | User: Kshitismita Panda (employee)
[2026-01-10T15:34:06.965Z] GET Reports - Query: {"employee":"6961c453adfbaae4753659b0"} | Found: 2 | User: Kshitismita Panda (employee)
[2026-01-10T15:34:07.087Z] GET Reports - Query: {"employee":"6961c453adfbaae4753659b0"} | Found: 2 | User: Kshitismita Panda (employee)
[2026-01-10T15:34:15.546Z] GET Reports - Query: {"employee":"6961c453adfbaae4753659b0"} | Found: 2 | User: Kshitismita Panda (employee)
[2026-01-10T15:34:15.775Z] GET Reports - Query: {"employee":"6961c453adfbaae4753659b0"} | Found: 2 | User: Kshitismita Panda (employee)
[2026-01-10T15:34:23.250Z] GET Reports - Query: {"employee":"6961c453adfbaae4753659b0"} | Found: 2 | User: Kshitismita Panda (employee)
[2026-01-10T15:34:23.416Z] GET Reports - Query: {"employee":"6961c453adfbaae4753659b0"} | Found: 2 | User: Kshitismita Panda (employee)
[2026-01-10T15:34:36.187Z] GET Reports - Query: {"employee":"6961c453adfbaae4753659b0"} | Found: 2 | User: Kshitismita Panda (employee)
[2026-01-10T15:34:36.458Z] GET Reports - Query: {"employee":"6961c453adfbaae4753659b0"} | Found: 2 | User: Kshitismita Panda (employee)
[2026-01-10T15:34:58.549Z] GET Reports - Query: {"employee":"6961c453adfbaae4753659b0"} | Found: 3 | User: Kshitismita Panda (employee)
[2026-01-10T15:34:58.657Z] GET Reports - Query: {"employee":"6961c453adfbaae4753659b0"} | Found: 3 | User: Kshitismita Panda (employee)
[2026-01-10T15:35:02.173Z] GET Reports - Query: {"employee":"6961c453adfbaae4753659b0"} | Found: 3 | User: Kshitismita Panda (employee)
[2026-01-10T15:35:02.522Z] GET Reports - Query: {"employee":"6961c453adfbaae4753659b0"} | Found: 3 | User: Kshitismita Panda (employee)
[2026-01-10T15:36:03.450Z] GET Reports - Query: {} | Found: 3 | User: Siddhesh (admin)
[2026-01-10T15:36:03.867Z] GET Reports - Query: {} | Found: 3 | User: Siddhesh (admin)
[2026-01-10T15:36:29.584Z] GET Reports - Query: {"employee":"6961c453adfbaae4753659b0"} | Found: 3 | User: Kshitismita Panda (employee)
[2026-01-10T15:36:29.891Z] GET Reports - Query: {"employee":"6961c453adfbaae4753659b0"} | Found: 3 | User: Kshitismita Panda (employee)
[2026-01-10T15:36:52.311Z] GET Reports - Query: {"employee":"6961c453adfbaae4753659b0"} | Found: 3 | User: Kshitismita Panda (employee)
[2026-01-10T15:36:52.436Z] GET Reports - Query: {"employee":"6961c453adfbaae4753659b0"} | Found: 3 | User: Kshitismita Panda (employee)
[2026-01-10T15:37:06.486Z] GET Reports - Query: {"employee":"6961c453adfbaae4753659b0"} | Found: 3 | User: Kshitismita Panda (employee)
[2026-01-10T15:37:08.249Z] GET Reports - Query: {"employee":"6961c453adfbaae4753659b0"} | Found: 3 | User: Kshitismita Panda (employee)
[2026-01-10T15:52:48.916Z] GET Reports - Query: {"employee":"6961c453adfbaae4753659b0"} | Found: 3 | User: Kshitismita Panda (employee)
[2026-01-10T15:52:49.231Z] GET Reports - Query: {"employee":"6961c453adfbaae4753659b0"} | Found: 3 | User: Kshitismita Panda (employee)
[2026-01-10T15:56:36.259Z] GET Reports - Query: {"employee":"6961c453adfbaae4753659b0"} | Found: 3 | User: Kshitismita Panda (employee)
[2026-01-10T15:57:35.035Z] GET Reports - Query: {"employee":"6961c453adfbaae4753659b0"} | Found: 3 | User: Kshitismita Panda (employee)
[2026-01-10T15:57:35.105Z] GET Reports - Query: {"employee":"6961c453adfbaae4753659b0"} | Found: 3 | User: Kshitismita Panda (employee)
[2026-01-10T15:57:41.239Z] GET Reports - Query: {"employee":"6961c453adfbaae4753659b0"} | Found: 3 | User: Kshitismita Panda (employee)
[2026-01-10T15:57:41.439Z] GET Reports - Query: {"employee":"6961c453adfbaae4753659b0"} | Found: 3 | User: Kshitismita Panda (employee)
[2026-01-10T16:02:41.481Z] GET Reports - Query: {"employee":"6961c453adfbaae4753659b0"} | Found: 3 | User: Kshitismita Panda (employee)
[2026-01-10T16:02:42.073Z] GET Reports - Query: {"employee":"6961c453adfbaae4753659b0"} | Found: 3 | User: Kshitismita Panda (employee)
[2026-01-10T16:02:45.215Z] GET Reports - Query: {"employee":"6961c453adfbaae4753659b0"} | Found: 3 | User: Kshitismita Panda (employee)
[2026-01-10T16:02:45.656Z] GET Reports - Query: {"employee":"6961c453adfbaae4753659b0"} | Found: 3 | User: Kshitismita Panda (employee)
[2026-01-10T16:03:40.880Z] GET Reports - Query: {"employee":"6961c453adfbaae4753659b0"} | Found: 3 | User: Kshitismita Panda (employee)
[2026-01-10T16:03:41.365Z] GET Reports - Query: {"employee":"6961c453adfbaae4753659b0"} | Found: 3 | User: Kshitismita Panda (employee)
[2026-01-10T16:05:42.512Z] GET Reports - Query: {"employee":"6961c453adfbaae4753659b0"} | Found: 3 | User: Kshitismita Panda (employee)
[2026-01-10T16:05:42.731Z] GET Reports - Query: {"employee":"6961c453adfbaae4753659b0"} | Found: 3 | User: Kshitismita Panda (employee)
[2026-01-10T16:09:07.135Z] GET Reports - Query: {"employee":"6961c453adfbaae4753659b0"} | Found: 3 | User: Kshitismita Panda (employee)
[2026-01-10T16:09:07.372Z] GET Reports - Query: {"employee":"6961c453adfbaae4753659b0"} | Found: 3 | User: Kshitismita Panda (employee)
[2026-01-10T16:09:24.432Z] GET Reports - Query: {"employee":"6961c453adfbaae4753659b0"} | Found: 3 | User: Kshitismita Panda (employee)
[2026-01-10T16:09:24.642Z] GET Reports - Query: {"employee":"6961c453adfbaae4753659b0"} | Found: 3 | User: Kshitismita Panda (employee)
[2026-01-10T16:09:32.736Z] GET Reports - Query: {"employee":"6961c453adfbaae4753659b0"} | Found: 3 | User: Kshitismita Panda (employee)
[2026-01-10T16:09:32.914Z] GET Reports - Query: {"employee":"6961c453adfbaae4753659b0"} | Found: 3 | User: Kshitismita Panda (employee)
[2026-01-10T16:11:34.539Z] GET Reports - Query: {"employee":"6961c453adfbaae4753659b0"} | Found: 3 | User: Kshitismita Panda (employee)
[2026-01-10T16:11:34.812Z] GET Reports - Query: {"employee":"6961c453adfbaae4753659b0"} | Found: 3 | User: Kshitismita Panda (employee)
[2026-01-10T16:16:41.894Z] GET Reports - Query: {"employee":"6961c453adfbaae4753659b0"} | Found: 3 | User: Kshitismita Panda (employee)
[2026-01-10T16:16:42.099Z] GET Reports - Query: {"employee":"6961c453adfbaae4753659b0"} | Found: 3 | User: Kshitismita Panda (employee)
[2026-01-10T16:18:46.767Z] GET Reports - Query: {"employee":"6961c453adfbaae4753659b0"} | Found: 3 | User: Kshitismita Panda (employee)
[2026-01-10T16:18:47.060Z] GET Reports - Query: {"employee":"6961c453adfbaae4753659b0"} | Found: 3 | User: Kshitismita Panda (employee)
[2026-01-10T16:18:58.897Z] GET Reports - Query: {"employee":"6961c453adfbaae4753659b0"} | Found: 3 | User: Kshitismita Panda (employee)
[2026-01-10T16:18:59.113Z] GET Reports - Query: {"employee":"6961c453adfbaae4753659b0"} | Found: 3 | User: Kshitismita Panda (employee)
[2026-01-10T16:21:56.722Z] GET Reports - Query: {"employee":"6961c453adfbaae4753659b0"} | Found: 3 | User: Kshitismita Panda (employee)
[2026-01-10T16:27:55.724Z] GET Reports - Query: {"employee":"6961c453adfbaae4753659b0"} | Found: 3 | User: Kshitismita Panda (employee)
[2026-01-10T16:27:56.104Z] GET Reports - Query: {"employee":"6961c453adfbaae4753659b0"} | Found: 3 | User: Kshitismita Panda (employee)
[2026-01-10T16:30:11.397Z] GET Reports - Query: {} | Found: 3 | User: Siddhesh (admin)
[2026-01-10T16:30:11.878Z] GET Reports - Query: {} | Found: 3 | User: Siddhesh (admin)
[2026-01-10T16:30:42.076Z] GET Reports - Query: {"employee":"6961c453adfbaae4753659b0"} | Found: 3 | User: Kshitismita Panda (employee)
[2026-01-10T16:30:42.666Z] GET Reports - Query: {"employee":"6961c453adfbaae4753659b0"} | Found: 3 | User: Kshitismita Panda (employee)
[2026-01-10T16:30:49.403Z] GET Reports - Query: {"employee":"6961c453adfbaae4753659b0"} | Found: 3 | User: Kshitismita Panda (employee)
[2026-01-10T16:30:49.819Z] GET Reports - Query: {"employee":"6961c453adfbaae4753659b0"} | Found: 3 | User: Kshitismita Panda (employee)
[2026-01-10T16:31:01.959Z] GET Reports - Query: {"employee":"6961c453adfbaae4753659b0"} | Found: 3 | User: Kshitismita Panda (employee)
[2026-01-10T16:31:02.094Z] GET Reports - Query: {"employee":"6961c453adfbaae4753659b0"} | Found: 3 | User: Kshitismita Panda (employee)
[2026-01-10T16:41:33.975Z] GET Reports - Query: {"employee":"6961c453adfbaae4753659b0"} | Found: 3 | User: Kshitismita Panda (employee)
[2026-01-10T16:41:34.182Z] GET Reports - Query: {"employee":"6961c453adfbaae4753659b0"} | Found: 3 | User: Kshitismita Panda (employee)
[2026-01-10T16:43:15.958Z] GET Reports - Query: {"employee":"6961c453adfbaae4753659b0"} | Found: 3 | User: Kshitismita Panda (employee)
[2026-01-10T16:43:16.136Z] GET Reports - Query: {"employee":"6961c453adfbaae4753659b0"} | Found: 3 | User: Kshitismita Panda (employee)
[2026-01-10T16:44:14.945Z] GET Reports - Query: {"employee":"6961c453adfbaae4753659b0"} | Found: 3 | User: Kshitismita Panda (employee)
[2026-01-10T16:44:15.127Z] GET Reports - Query: {"employee":"6961c453adfbaae4753659b0"} | Found: 3 | User: Kshitismita Panda (employee)
[2026-01-10T16:44:23.325Z] GET Reports - Query: {"employee":"6961c453adfbaae4753659b0"} | Found: 3 | User: Kshitismita Panda (employee)
[2026-01-10T16:44:23.521Z] GET Reports - Query: {"employee":"6961c453adfbaae4753659b0"} | Found: 3 | User: Kshitismita Panda (employee)
[2026-01-10T16:47:27.621Z] GET Reports - Query: {"employee":"6961c453adfbaae4753659b0"} | Found: 3 | User: Kshitismita Panda (employee)
[2026-01-10T16:47:33.821Z] GET Reports - Query: {"employee":"6961c453adfbaae4753659b0"} | Found: 3 | User: Kshitismita Panda (employee)
[2026-01-10T16:47:34.302Z] GET Reports - Query: {"employee":"6961c453adfbaae4753659b0"} | Found: 3 | User: Kshitismita Panda (employee)
[2026-01-10T16:47:39.494Z] GET Reports - Query: {"employee":"6961c453adfbaae4753659b0"} | Found: 3 | User: Kshitismita Panda (employee)
[2026-01-10T16:47:39.823Z] GET Reports - Query: {"employee":"6961c453adfbaae4753659b0"} | Found: 3 | User: Kshitismita Panda (employee)
[2026-01-10T16:54:43.969Z] GET Reports - Query: {"employee":"6961c453adfbaae4753659b0"} | Found: 3 | User: Kshitismita Panda (employee)
[2026-01-10T16:56:36.332Z] GET Reports - Query: {"employee":"6961c453adfbaae4753659b0"} | Found: 3 | User: Kshitismita Panda (employee)
[2026-01-10T16:57:33.155Z] GET Reports - Query: {"employee":"6961c453adfbaae4753659b0"} | Found: 3 | User: Kshitismita Panda (employee)
[2026-01-10T17:00:18.865Z] GET Reports - Query: {"employee":"6961c453adfbaae4753659b0"} | Found: 3 | User: Kshitismita Panda (employee)
[2026-01-10T17:00:19.233Z] GET Reports - Query: {"employee":"6961c453adfbaae4753659b0"} | Found: 3 | User: Kshitismita Panda (employee)
[2026-01-10T17:00:48.602Z] GET Reports - Query: {"employee":"6961c453adfbaae4753659b0"} | Found: 3 | User: Kshitismita Panda (employee)
[2026-01-10T17:01:56.762Z] GET Reports - Query: {"employee":"6961c453adfbaae4753659b0"} | Found: 3 | User: Kshitismita Panda (employee)
[2026-01-10T17:01:57.092Z] GET Reports - Query: {"employee":"6961c453adfbaae4753659b0"} | Found: 3 | User: Kshitismita Panda (employee)
[2026-01-10T17:03:00.490Z] GET Reports - Query: {"employee":"6961c453adfbaae4753659b0"} | Found: 3 | User: Kshitismita Panda (employee)
[2026-01-10T17:03:02.475Z] GET Reports - Query: {"employee":"6961c453adfbaae4753659b0"} | Found: 3 | User: Kshitismita Panda (employee)
[2026-01-10T17:13:01.191Z] GET Reports - Query: {"employee":"6961c453adfbaae4753659b0"} | Found: 3 | User: Kshitismita Panda (employee)
[2026-01-10T17:13:12.674Z] GET Reports - Query: {"employee":"6961c453adfbaae4753659b0"} | Found: 3 | User: Kshitismita Panda (employee)
[2026-01-10T17:19:48.986Z] GET Reports - Query: {"employee":"6961c453adfbaae4753659b0"} | Found: 3 | User: Kshitismita Panda (employee)
[2026-01-10T17:23:18.489Z] GET Reports - Query: {"employee":"6961c453adfbaae4753659b0"} | Found: 3 | User: Kshitismita Panda (employee)
[2026-01-10T17:24:22.121Z] GET Reports - Query: {"employee":"6961c453adfbaae4753659b0"} | Found: 3 | User: Kshitismita Panda (employee)
[2026-01-10T17:24:37.645Z] GET Reports - Query: {"employee":"6961c453adfbaae4753659b0"} | Found: 3 | User: Kshitismita Panda (employee)
[2026-01-10T17:25:59.816Z] GET Reports - Query: {"employee":"6961c453adfbaae4753659b0"} | Found: 3 | User: Kshitismita Panda (employee)
[2026-01-10T17:28:27.518Z] GET Reports - Query: {"employee":"6961c453adfbaae4753659b0"} | Found: 3 | User: Kshitismita Panda (employee)
[2026-01-10T17:28:28.929Z] GET Reports - Query: {"employee":"6961c453adfbaae4753659b0"} | Found: 3 | User: Kshitismita Panda (employee)
[2026-01-10T17:35:51.419Z] GET Reports - Query: {"employee":"6961c453adfbaae4753659b0"} | Found: 3 | User: Kshitismita Panda (employee)
[2026-01-10T17:42:36.757Z] GET Reports - Query: {"employee":"6961c453adfbaae4753659b0"} | Found: 3 | User: Kshitismita Panda (employee)
[2026-01-10T18:19:33.769Z] GET Reports - Query: {"employee":"6961c453adfbaae4753659b0"} | Found: 3 | User: Kshitismita Panda (employee)
[2026-01-10T18:19:40.640Z] GET Reports - Query: {"employee":"6961c453adfbaae4753659b0"} | Found: 3 | User: Kshitismita Panda (employee)
[2026-01-10T18:20:19.225Z] GET Reports - Query: {"employee":"6961c453adfbaae4753659b0"} | Found: 3 | User: Kshitismita Panda (employee)
[2026-01-10T18:20:20.550Z] GET Reports - Query: {"employee":"6961c453adfbaae4753659b0"} | Found: 3 | User: Kshitismita Panda (employee)
[2026-01-10T18:22:30.080Z] GET Reports - Query: {"employee":"6961c453adfbaae4753659b0"} | Found: 3 | User: Kshitismita Panda (employee)
[2026-01-10T18:22:30.612Z] GET Reports - Query: {"employee":"6961c453adfbaae4753659b0"} | Found: 3 | User: Kshitismita Panda (employee)
[2026-01-10T18:26:49.646Z] GET Reports - Query: {"employee":"6961c453adfbaae4753659b0"} | Found: 3 | User: Kshitismita Panda (employee)
[2026-01-10T18:26:53.528Z] GET Reports - Query: {"employee":"6961c453adfbaae4753659b0"} | Found: 3 | User: Kshitismita Panda (employee)
[2026-01-10T18:33:26.849Z] GET Reports - Query: {"employee":"6961c453adfbaae4753659b0"} | Found: 3 | User: Kshitismita Panda (employee)
[2026-01-10T18:33:29.735Z] GET Reports - Query: {"employee":"6961c453adfbaae4753659b0"} | Found: 3 | User: Kshitismita Panda (employee)
[2026-01-10T18:44:21.430Z] GET Reports - Query: {"employee":"6961c453adfbaae4753659b0"} | Found: 3 | User: Kshitismita Panda (employee)
[2026-01-10T18:47:11.672Z] GET Reports - Query: {"employee":"6961c453adfbaae4753659b0"} | Found: 3 | User: Kshitismita Panda (employee)
[2026-01-10T19:27:31.248Z] GET Reports - Query: {} | Found: 3 | User: Siddhesh (admin)
[2026-01-10T19:27:31.541Z] GET Reports - Query: {} | Found: 3 | User: Siddhesh (admin)
[2026-01-10T19:27:50.865Z] GET Reports - Query: {"status":"rejected"} | Found: 1 | User: Siddhesh (admin)
[2026-01-10T19:29:33.085Z] GET Reports - Query: {} | Found: 3 | User: Siddhesh (admin)
[2026-01-10T19:29:33.363Z] GET Reports - Query: {} | Found: 3 | User: Siddhesh (admin)
[2026-01-10T19:29:38.453Z] GET Reports - Query: {} | Found: 3 | User: Siddhesh (admin)
[2026-01-10T19:31:23.833Z] GET Reports - Query: {} | Found: 3 | User: Siddhesh (admin)
[2026-01-10T19:31:24.062Z] GET Reports - Query: {} | Found: 3 | User: Siddhesh (admin)
[2026-01-10T19:31:27.529Z] GET Reports - Query: {} | Found: 3 | User: Siddhesh (admin)
[2026-01-10T19:35:03.530Z] GET Reports - Query: {} | Found: 3 | User: Siddhesh (admin)
[2026-01-10T19:35:03.785Z] GET Reports - Query: {} | Found: 3 | User: Siddhesh (admin)
[2026-01-10T19:35:08.632Z] GET Reports - Query: {} | Found: 3 | User: Siddhesh (admin)
[2026-01-10T19:36:35.533Z] GET Reports - Query: {} | Found: 3 | User: Siddhesh (admin)
[2026-01-10T19:36:36.518Z] GET Reports - Query: {} | Found: 3 | User: Siddhesh (admin)
[2026-01-10T19:41:49.115Z] GET Reports - Query: {} | Found: 3 | User: Siddhesh (admin)
[2026-01-10T19:41:49.315Z] GET Reports - Query: {} | Found: 3 | User: Siddhesh (admin)
[2026-01-10T19:49:27.656Z] GET Reports - Query: {} | Found: 3 | User: Siddhesh (admin)
[2026-01-10T19:49:28.178Z] GET Reports - Query: {} | Found: 3 | User: Siddhesh (admin)
[2026-01-10T19:51:52.934Z] GET Reports - Query: {} | Found: 3 | User: Siddhesh (admin)
[2026-01-10T19:51:53.326Z] GET Reports - Query: {} | Found: 3 | User: Siddhesh (admin)
[2026-01-10T19:52:01.972Z] GET Reports - Query: {} | Found: 3 | User: Siddhesh (admin)
[2026-01-10T19:52:02.173Z] GET Reports - Query: {} | Found: 3 | User: Siddhesh (admin)
[2026-01-10T19:52:06.817Z] GET Reports - Query: {} | Found: 3 | User: Siddhesh (admin)
[2026-01-10T19:52:07.146Z] GET Reports - Query: {} | Found: 3 | User: Siddhesh (admin)
[2026-01-10T19:52:11.606Z] GET Reports - Query: {} | Found: 3 | User: Siddhesh (admin)
[2026-01-10T19:52:11.840Z] GET Reports - Query: {} | Found: 3 | User: Siddhesh (admin)
[2026-01-10T19:56:04.889Z] GET Reports - Query: {} | Found: 3 | User: Siddhesh (admin)
[2026-01-10T19:56:05.275Z] GET Reports - Query: {} | Found: 3 | User: Siddhesh (admin)
[2026-01-10T19:59:24.636Z] GET Reports - Query: {"employee":"6961c453adfbaae4753659b0"} | Found: 3 | User: Kshitismita Panda (employee)
[2026-01-10T19:59:27.569Z] GET Reports - Query: {"employee":"6961c453adfbaae4753659b0"} | Found: 3 | User: Kshitismita Panda (employee)
[2026-01-10T19:59:32.458Z] GET Reports - Query: {"employee":"6961c453adfbaae4753659b0"} | Found: 3 | User: Kshitismita Panda (employee)
[2026-01-10T19:59:32.983Z] GET Reports - Query: {"employee":"6961c453adfbaae4753659b0"} | Found: 3 | User: Kshitismita Panda (employee)
[2026-01-10T19:59:38.989Z] GET Reports - Query: {"employee":"6961c453adfbaae4753659b0"} | Found: 3 | User: Kshitismita Panda (employee)
[2026-01-10T19:59:39.566Z] GET Reports - Query: {"employee":"6961c453adfbaae4753659b0"} | Found: 3 | User: Kshitismita Panda (employee)
[2026-01-10T19:59:45.529Z] GET Reports - Query: {"employee":"6961c453adfbaae4753659b0"} | Found: 3 | User: Kshitismita Panda (employee)
[2026-01-10T19:59:46.376Z] GET Reports - Query: {"employee":"6961c453adfbaae4753659b0"} | Found: 3 | User: Kshitismita Panda (employee)
[2026-01-10T19:59:55.744Z] GET Reports - Query: {"employee":"6961c453adfbaae4753659b0"} | Found: 3 | User: Kshitismita Panda (employee)
[2026-01-10T19:59:56.583Z] GET Reports - Query: {"employee":"6961c453adfbaae4753659b0"} | Found: 3 | User: Kshitismita Panda (employee)
[2026-01-10T20:04:35.164Z] GET Reports - Query: {"employee":"6961c453adfbaae4753659b0"} | Found: 3 | User: Kshitismita Panda (employee)
[2026-01-10T20:04:35.334Z] GET Reports - Query: {"employee":"6961c453adfbaae4753659b0"} | Found: 3 | User: Kshitismita Panda (employee)
[2026-01-10T20:07:35.929Z] GET Reports - Query: {"employee":"6961c453adfbaae4753659b0"} | Found: 3 | User: Kshitismita Panda (employee)
[2026-01-10T20:07:36.066Z] GET Reports - Query: {"employee":"6961c453adfbaae4753659b0"} | Found: 3 | User: Kshitismita Panda (employee)
[2026-01-10T20:08:27.589Z] GET Reports - Query: {"employee":"6961c453adfbaae4753659b0"} | Found: 4 | User: Kshitismita Panda (employee)
[2026-01-10T20:08:27.723Z] GET Reports - Query: {"employee":"6961c453adfbaae4753659b0"} | Found: 4 | User: Kshitismita Panda (employee)
[2026-01-10T20:09:08.634Z] GET Reports - Query: {"employee":"6961c453adfbaae4753659b0"} | Found: 4 | User: Kshitismita Panda (employee)
[2026-01-10T20:09:09.303Z] GET Reports - Query: {"employee":"6961c453adfbaae4753659b0"} | Found: 4 | User: Kshitismita Panda (employee)
[2026-01-10T20:11:32.233Z] GET Reports - Query: {} | Found: 4 | User: Siddhesh (admin)
[2026-01-10T20:11:32.534Z] GET Reports - Query: {} | Found: 4 | User: Siddhesh (admin)
[2026-01-10T20:12:28.200Z] GET Reports - Query: {} | Found: 4 | User: Siddhesh (admin)
[2026-01-10T20:12:28.400Z] GET Reports - Query: {} | Found: 4 | User: Siddhesh (admin)
[2026-01-10T20:12:40.889Z] GET Reports - Query: {"employee":"6961c453adfbaae4753659b0"} | Found: 4 | User: Kshitismita Panda (employee)
[2026-01-10T20:12:41.077Z] GET Reports - Query: {"employee":"6961c453adfbaae4753659b0"} | Found: 4 | User: Kshitismita Panda (employee)
[2026-01-10T20:13:01.535Z] GET Reports - Query: {"employee":"6961c453adfbaae4753659b0"} | Found: 4 | User: Kshitismita Panda (employee)
[2026-01-10T20:13:01.627Z] GET Reports - Query: {"employee":"6961c453adfbaae4753659b0"} | Found: 4 | User: Kshitismita Panda (employee)
[2026-01-10T20:13:23.425Z] GET Reports - Query: {"employee":"6961c453adfbaae4753659b0"} | Found: 4 | User: Kshitismita Panda (employee)
[2026-01-10T20:13:23.579Z] GET Reports - Query: {"employee":"6961c453adfbaae4753659b0"} | Found: 4 | User: Kshitismita Panda (employee)
[2026-01-10T20:14:30.483Z] GET Reports - Query: {"employee":"6961c453adfbaae4753659b0"} | Found: 4 | User: Kshitismita Panda (employee)
[2026-01-10T20:14:31.150Z] GET Reports - Query: {"employee":"6961c453adfbaae4753659b0"} | Found: 4 | User: Kshitismita Panda (employee)
[2026-01-10T20:14:58.458Z] GET Reports - Query: {"employee":"6961c453adfbaae4753659b0"} | Found: 4 | User: Kshitismita Panda (employee)
[2026-01-10T20:14:59.131Z] GET Reports - Query: {"employee":"6961c453adfbaae4753659b0"} | Found: 4 | User: Kshitismita Panda (employee)
[2026-01-10T20:15:15.442Z] GET Reports - Query: {"employee":"6961c453adfbaae4753659b0"} | Found: 4 | User: Kshitismita Panda (employee)
[2026-01-10T20:15:22.890Z] GET Reports - Query: {"employee":"6961c453adfbaae4753659b0"} | Found: 4 | User: Kshitismita Panda (employee)
[2026-01-10T20:15:22.968Z] GET Reports - Query: {"employee":"6961c453adfbaae4753659b0"} | Found: 4 | User: Kshitismita Panda (employee)
[2026-01-10T20:15:27.255Z] GET Reports - Query: {"employee":"6961c453adfbaae4753659b0"} | Found: 4 | User: Kshitismita Panda (employee)
[2026-01-10T20:15:27.864Z] GET Reports - Query: {"employee":"6961c453adfbaae4753659b0"} | Found: 4 | User: Kshitismita Panda (employee)
[2026-01-10T20:16:38.072Z] GET Reports - Query: {"employee":"6961c453adfbaae4753659b0"} | Found: 4 | User: Kshitismita Panda (employee)
[2026-01-10T20:18:32.454Z] GET Reports - Query: {"employee":"6961c453adfbaae4753659b0"} | Found: 4 | User: Kshitismita Panda (employee)
[2026-01-10T20:21:29.092Z] GET Reports - Query: {"employee":"6961c453adfbaae4753659b0"} | Found: 4 | User: Kshitismita Panda (employee)
[2026-01-10T20:23:16.547Z] GET Reports - Query: {"employee":"6961c453adfbaae4753659b0"} | Found: 4 | User: Kshitismita Panda (employee)
[2026-01-10T20:27:28.855Z] GET Reports - Query: {"employee":"6961c453adfbaae4753659b0"} | Found: 4 | User: Kshitismita Panda (employee)
[2026-01-10T20:28:09.041Z] GET Reports - Query: {"employee":"6961c453adfbaae4753659b0"} | Found: 4 | User: Kshitismita Panda (employee)
[2026-01-10T20:29:35.467Z] GET Reports - Query: {"employee":"6961c453adfbaae4753659b0"} | Found: 4 | User: Kshitismita Panda (employee)
[2026-01-10T20:30:55.441Z] GET Reports - Query: {"employee":"6961c453adfbaae4753659b0"} | Found: 4 | User: Kshitismita Panda (employee)
[2026-01-10T20:31:11.283Z] GET Reports - Query: {"employee":"6961c453adfbaae4753659b0"} | Found: 4 | User: Kshitismita Panda (employee)
[2026-01-10T20:33:28.331Z] GET Reports - Query: {"employee":"6961c453adfbaae4753659b0"} | Found: 4 | User: Kshitismita Panda (employee)
[2026-01-10T20:33:48.905Z] GET Reports - Query: {"employee":"6961c453adfbaae4753659b0"} | Found: 4 | User: Kshitismita Panda (employee)
[2026-01-11T06:30:27.299Z] GET Reports - Query: {"employee":"6961c453adfbaae4753659b0"} | Found: 4 | User: Kshitismita Panda (employee)
[2026-01-11T07:11:05.812Z] GET Reports - Query: {} | Found: 4 | User: Siddhesh (admin)
[2026-01-11T07:11:06.257Z] GET Reports - Query: {} | Found: 4 | User: Siddhesh (admin)
[2026-01-11T07:13:57.028Z] GET Reports - Query: {"employee":"6961c453adfbaae4753659b0"} | Found: 4 | User: Kshitismita Panda (employee)
[2026-01-11T07:13:59.688Z] GET Reports - Query: {"employee":"6961c453adfbaae4753659b0"} | Found: 4 | User: Kshitismita Panda (employee)
[2026-01-11T07:14:21.687Z] GET Reports - Query: {"employee":"6961c453adfbaae4753659b0"} | Found: 4 | User: Kshitismita Panda (employee)
[2026-01-11T07:14:21.842Z] GET Reports - Query: {"employee":"6961c453adfbaae4753659b0"} | Found: 4 | User: Kshitismita Panda (employee)
[2026-01-11T07:15:04.295Z] GET Reports - Query: {"employee":"6961c453adfbaae4753659b0"} | Found: 4 | User: Kshitismita Panda (employee)
[2026-01-11T07:15:04.982Z] GET Reports - Query: {"employee":"6961c453adfbaae4753659b0"} | Found: 4 | User: Kshitismita Panda (employee)
[2026-01-11T07:15:20.087Z] GET Reports - Query: {"employee":"6961c453adfbaae4753659b0"} | Found: 4 | User: Kshitismita Panda (employee)
[2026-01-11T07:15:20.215Z] GET Reports - Query: {"employee":"6961c453adfbaae4753659b0"} | Found: 4 | User: Kshitismita Panda (employee)
[2026-01-11T07:15:45.010Z] GET Reports - Query: {"employee":"6961c453adfbaae4753659b0"} | Found: 4 | User: Kshitismita Panda (employee)
[2026-01-11T07:15:45.226Z] GET Reports - Query: {"employee":"6961c453adfbaae4753659b0"} | Found: 4 | User: Kshitismita Panda (employee)
[2026-01-11T07:15:48.562Z] GET Reports - Query: {"employee":"6961c453adfbaae4753659b0"} | Found: 4 | User: Kshitismita Panda (employee)
[2026-01-11T07:15:49.391Z] GET Reports - Query: {"employee":"6961c453adfbaae4753659b0"} | Found: 4 | User: Kshitismita Panda (employee)
[2026-01-11T07:17:00.667Z] GET Reports - Query: {"employee":"6961c453adfbaae4753659b0"} | Found: 4 | User: Kshitismita Panda (employee)
[2026-01-11T07:17:01.544Z] GET Reports - Query: {"employee":"6961c453adfbaae4753659b0"} | Found: 4 | User: Kshitismita Panda (employee)
[2026-01-11T07:31:01.061Z] GET Reports - Query: {"employee":"6961c453adfbaae4753659b0"} | Found: 4 | User: Kshitismita Panda (employee)
[2026-01-11T08:10:56.291Z] GET Reports - Query: {"employee":"6961c453adfbaae4753659b0"} | Found: 4 | User: Kshitismita Panda (employee)
[2026-01-11T08:10:57.205Z] GET Reports - Query: {"employee":"6961c453adfbaae4753659b0"} | Found: 4 | User: Kshitismita Panda (employee)
[2026-01-11T08:12:04.046Z] GET Reports - Query: {"employee":"6961c453adfbaae4753659b0"} | Found: 4 | User: Kshitismita Panda (employee)
[2026-01-11T08:12:04.513Z] GET Reports - Query: {"employee":"6961c453adfbaae4753659b0"} | Found: 4 | User: Kshitismita Panda (employee)
[2026-01-11T08:12:10.771Z] GET Reports - Query: {"employee":"6961c453adfbaae4753659b0"} | Found: 4 | User: Kshitismita Panda (employee)
[2026-01-11T08:12:11.482Z] GET Reports - Query: {"employee":"6961c453adfbaae4753659b0"} | Found: 4 | User: Kshitismita Panda (employee)
[2026-01-11T08:12:18.003Z] GET Reports - Query: {"employee":"6961c453adfbaae4753659b0"} | Found: 4 | User: Kshitismita Panda (employee)
[2026-01-11T08:12:18.780Z] GET Reports - Query: {"employee":"6961c453adfbaae4753659b0"} | Found: 4 | User: Kshitismita Panda (employee)
[2026-01-11T08:12:22.912Z] GET Reports - Query: {"employee":"6961c453adfbaae4753659b0"} | Found: 4 | User: Kshitismita Panda (employee)
[2026-01-11T08:12:23.545Z] GET Reports - Query: {"employee":"6961c453adfbaae4753659b0"} | Found: 4 | User: Kshitismita Panda (employee)
[2026-01-11T08:14:22.558Z] GET Reports - Query: {"employee":"6961c453adfbaae4753659b0"} | Found: 4 | User: Kshitismita Panda (employee)
[2026-01-11T08:14:23.564Z] GET Reports - Query: {"employee":"6961c453adfbaae4753659b0"} | Found: 4 | User: Kshitismita Panda (employee)
[2026-01-11T08:16:49.946Z] GET Reports - Query: {"employee":"6961c453adfbaae4753659b0"} | Found: 4 | User: Kshitismita Panda (employee)
[2026-01-11T08:16:50.410Z] GET Reports - Query: {"employee":"6961c453adfbaae4753659b0"} | Found: 4 | User: Kshitismita Panda (employee)
[2026-01-11T08:17:04.275Z] GET Reports - Query: {"employee":"6961c453adfbaae4753659b0"} | Found: 4 | User: Kshitismita Panda (employee)
[2026-01-11T08:17:04.603Z] GET Reports - Query: {"employee":"6961c453adfbaae4753659b0"} | Found: 4 | User: Kshitismita Panda (employee)
[2026-01-11T08:17:16.221Z] GET Reports - Query: {"employee":"6961c453adfbaae4753659b0"} | Found: 4 | User: Kshitismita Panda (employee)
[2026-01-11T08:17:23.809Z] GET Reports - Query: {"employee":"6961c453adfbaae4753659b0"} | Found: 4 | User: Kshitismita Panda (employee)
[2026-01-11T08:17:32.974Z] GET Reports - Query: {"employee":"6961c453adfbaae4753659b0"} | Found: 4 | User: Kshitismita Panda (employee)
[2026-01-11T08:17:38.009Z] GET Reports - Query: {"employee":"6961c453adfbaae4753659b0"} | Found: 4 | User: Kshitismita Panda (employee)
[2026-01-11T08:18:03.139Z] GET Reports - Query: {"employee":"6961c453adfbaae4753659b0"} | Found: 4 | User: Kshitismita Panda (employee)
[2026-01-11T08:18:03.423Z] GET Reports - Query: {"employee":"6961c453adfbaae4753659b0"} | Found: 4 | User: Kshitismita Panda (employee)
[2026-01-11T08:19:36.032Z] GET Reports - Query: {"employee":"6961c453adfbaae4753659b0"} | Found: 4 | User: Kshitismita Panda (employee)
[2026-01-11T08:19:36.965Z] GET Reports - Query: {"employee":"6961c453adfbaae4753659b0"} | Found: 4 | User: Kshitismita Panda (employee)
[2026-01-11T08:19:49.401Z] GET Reports - Query: {"employee":"6961c453adfbaae4753659b0"} | Found: 4 | User: Kshitismita Panda (employee)
[2026-01-11T08:19:50.274Z] GET Reports - Query: {"employee":"6961c453adfbaae4753659b0"} | Found: 4 | User: Kshitismita Panda (employee)
[2026-01-11T08:20:35.086Z] GET Reports - Query: {"employee":"6961c453adfbaae4753659b0"} | Found: 4 | User: Kshitismita Panda (employee)
[2026-01-11T08:20:35.490Z] GET Reports - Query: {"employee":"6961c453adfbaae4753659b0"} | Found: 4 | User: Kshitismita Panda (employee)
[2026-01-11T08:22:14.835Z] GET Reports - Query: {"employee":"6961c453adfbaae4753659b0"} | Found: 4 | User: Kshitismita Panda (employee)
[2026-01-11T08:34:05.997Z] GET Reports - Query: {"employee":"6961c453adfbaae4753659b0"} | Found: 4 | User: Kshitismita Panda (employee)
[2026-01-11T08:34:06.536Z] GET Reports - Query: {"employee":"6961c453adfbaae4753659b0"} | Found: 4 | User: Kshitismita Panda (employee)
[2026-01-11T08:35:31.040Z] GET Reports - Query: {"employee":"6961c453adfbaae4753659b0"} | Found: 4 | User: Kshitismita Panda (employee)
[2026-01-11T08:35:31.448Z] GET Reports - Query: {"employee":"6961c453adfbaae4753659b0"} | Found: 4 | User: Kshitismita Panda (employee)
[2026-01-11T09:28:18.637Z] Upload API Error: cloud_name is disabled
Stack: undefined

[2026-01-12T04:13:59.497Z] GET Reports - Query: {"employee":"6961c453adfbaae4753659b0"} | Found: 4 | User: Kshitismita Panda (employee)
[2026-01-12T04:14:00.498Z] GET Reports - Query: {"employee":"6961c453adfbaae4753659b0"} | Found: 4 | User: Kshitismita Panda (employee)
[2026-01-12T04:14:37.697Z] Upload API Error: cloud_name is disabled
Stack: undefined

[2026-01-12T04:17:09.687Z] GET Reports - Query: {} | Found: 4 | User: Siddhesh (admin)
[2026-01-12T04:17:09.958Z] GET Reports - Query: {} | Found: 4 | User: Siddhesh (admin)
[2026-01-12T04:19:37.835Z] GET Reports - Query: {} | Found: 4 | User: Siddhesh (admin)
[2026-01-12T04:19:38.300Z] GET Reports - Query: {} | Found: 4 | User: Siddhesh (admin)
[2026-01-12T04:20:56.000Z] Upload API Error: cloud_name is disabled
Stack: undefined

[2026-01-12T04:37:54.293Z] Upload API Error: cloud_name is disabled
Stack: undefined

[2026-01-12T05:31:28.890Z] GET Reports - Query: {} | Found: 4 | User: Siddhesh (admin)
[2026-01-12T05:31:29.068Z] GET Reports - Query: {} | Found: 4 | User: Siddhesh (admin)
[2026-01-12T05:45:41.313Z] GET Reports - Query: {} | Found: 4 | User: Siddhesh (admin)
[2026-01-12T05:45:41.572Z] GET Reports - Query: {} | Found: 4 | User: Siddhesh (admin)
[2026-01-12T05:46:17.810Z] GET Reports - Query: {"employee":"6961c453adfbaae4753659b0"} | Found: 4 | User: Kshitismita Panda (employee)
[2026-01-12T05:46:18.297Z] GET Reports - Query: {"employee":"6961c453adfbaae4753659b0"} | Found: 4 | User: Kshitismita Panda (employee)
[2026-01-12T05:46:48.402Z] GET Reports - Query: {"employee":"6961c453adfbaae4753659b0"} | Found: 4 | User: Kshitismita Panda (employee)
[2026-01-12T05:46:48.551Z] GET Reports - Query: {"employee":"6961c453adfbaae4753659b0"} | Found: 4 | User: Kshitismita Panda (employee)
[2026-01-12T05:47:57.930Z] GET Reports - Query: {"employee":"6961c453adfbaae4753659b0"} | Found: 4 | User: Kshitismita Panda (employee)
[2026-01-12T05:47:58.156Z] GET Reports - Query: {"employee":"6961c453adfbaae4753659b0"} | Found: 4 | User: Kshitismita Panda (employee)
[2026-01-12T06:03:08.788Z] GET Reports - Query: {"employee":"6961c453adfbaae4753659b0"} | Found: 4 | User: Kshitismita Panda (employee)
[2026-01-12T06:03:09.017Z] GET Reports - Query: {"employee":"6961c453adfbaae4753659b0"} | Found: 4 | User: Kshitismita Panda (employee)
[2026-01-12T06:03:09.623Z] GET Reports - Query: {"employee":"6961c453adfbaae4753659b0"} | Found: 4 | User: Kshitismita Panda (employee)
[2026-01-12T06:03:09.795Z] GET Reports - Query: {"employee":"6961c453adfbaae4753659b0"} | Found: 4 | User: Kshitismita Panda (employee)
[2026-01-12T06:14:26.835Z] GET Reports - Query: {"employee":"6961c453adfbaae4753659b0"} | Found: 4 | User: Kshitismita Panda (employee)
[2026-01-12T06:14:28.881Z] GET Reports - Query: {"employee":"6961c453adfbaae4753659b0"} | Found: 4 | User: Kshitismita Panda (employee)
[2026-01-12T06:14:30.874Z] GET Reports - Query: {"employee":"6961c453adfbaae4753659b0"} | Found: 4 | User: Kshitismita Panda (employee)
[2026-01-12T06:14:32.910Z] GET Reports - Query: {"employee":"6961c453adfbaae4753659b0"} | Found: 4 | User: Kshitismita Panda (employee)
[2026-01-12T06:14:37.106Z] GET Reports - Query: {"employee":"6961c453adfbaae4753659b0"} | Found: 4 | User: Kshitismita Panda (employee)
[2026-01-12T06:17:57.718Z] GET Reports - Query: {"employee":"6961c453adfbaae4753659b0"} | Found: 4 | User: Kshitismita Panda (employee)
[2026-01-12T06:17:58.035Z] GET Reports - Query: {"employee":"6961c453adfbaae4753659b0"} | Found: 4 | User: Kshitismita Panda (employee)
[2026-01-12T06:17:58.208Z] GET Reports - Query: {"employee":"6961c453adfbaae4753659b0"} | Found: 4 | User: Kshitismita Panda (employee)
[2026-01-12T06:17:58.316Z] GET Reports - Query: {"employee":"6961c453adfbaae4753659b0"} | Found: 4 | User: Kshitismita Panda (employee)
[2026-01-12T06:21:37.221Z] GET Reports - Query: {"employee":"6961c453adfbaae4753659b0"} | Sort: {"date":-1} | Found: 4 | User: Kshitismita Panda (employee)
[2026-01-12T06:21:37.454Z] GET Reports - Query: {"employee":"6961c453adfbaae4753659b0"} | Sort: {"date":-1} | Found: 4 | User: Kshitismita Panda (employee)
[2026-01-12T06:21:37.647Z] GET Reports - Query: {"employee":"6961c453adfbaae4753659b0"} | Sort: {"date":-1} | Found: 4 | User: Kshitismita Panda (employee)
[2026-01-12T06:30:51.584Z] GET Reports - Query: {"employee":"6961c453adfbaae4753659b0"} | Sort: {"date":-1} | Found: 4 | User: Kshitismita Panda (employee)
[2026-01-12T06:30:51.799Z] GET Reports - Query: {"employee":"6961c453adfbaae4753659b0"} | Sort: {"date":-1} | Found: 4 | User: Kshitismita Panda (employee)
[2026-01-12T06:33:30.400Z] GET Reports - Query: {"employee":"6961c453adfbaae4753659b0"} | Sort: {"date":-1} | Found: 4 | User: Kshitismita Panda (employee)
[2026-01-12T06:33:30.499Z] GET Reports - Query: {"employee":"6961c453adfbaae4753659b0"} | Sort: {"date":-1} | Found: 4 | User: Kshitismita Panda (employee)
[2026-01-12T06:33:30.647Z] GET Reports - Query: {"employee":"6961c453adfbaae4753659b0"} | Sort: {"date":-1} | Found: 4 | User: Kshitismita Panda (employee)
[2026-01-12T06:33:57.824Z] GET Reports - Query: {"employee":"6961c453adfbaae4753659b0"} | Sort: {"date":-1} | Found: 4 | User: Kshitismita Panda (employee)
[2026-01-12T06:33:58.271Z] GET Reports - Query: {"employee":"6961c453adfbaae4753659b0"} | Sort: {"date":-1} | Found: 4 | User: Kshitismita Panda (employee)
[2026-01-12T06:52:36.209Z] GET Reports - Query: {} | Sort: {"date":-1} | Found: 4 | User: Siddhesh (admin)
[2026-01-12T06:52:36.415Z] GET Reports - Query: {} | Sort: {"date":-1} | Found: 4 | User: Siddhesh (admin)
[2026-01-12T06:52:36.512Z] GET Reports - Query: {} | Sort: {"date":-1} | Found: 4 | User: Siddhesh (admin)
[2026-01-12T08:03:02.430Z] GET Reports - Query: {"employee":"6961c453adfbaae4753659b0"} | Sort: {"date":-1} | Found: 4 | User: Kshitismita Panda (employee)
[2026-01-12T08:03:03.420Z] GET Reports - Query: {"employee":"6961c453adfbaae4753659b0"} | Sort: {"date":-1} | Found: 4 | User: Kshitismita Panda (employee)
[2026-01-12T08:03:12.562Z] GET Reports - Query: {"employee":"6961c453adfbaae4753659b0"} | Sort: {"date":-1} | Found: 4 | User: Kshitismita Panda (employee)
[2026-01-12T08:03:12.681Z] GET Reports - Query: {"employee":"6961c453adfbaae4753659b0"} | Sort: {"date":-1} | Found: 4 | User: Kshitismita Panda (employee)
[2026-01-12T08:03:12.835Z] GET Reports - Query: {"employee":"6961c453adfbaae4753659b0"} | Sort: {"date":-1} | Found: 4 | User: Kshitismita Panda (employee)
[2026-01-12T08:03:18.575Z] GET Reports - Query: {"employee":"6961c453adfbaae4753659b0"} | Sort: {"date":-1} | Found: 4 | User: Kshitismita Panda (employee)
[2026-01-12T08:03:18.708Z] GET Reports - Query: {"employee":"6961c453adfbaae4753659b0"} | Sort: {"date":-1} | Found: 4 | User: Kshitismita Panda (employee)
[2026-01-12T08:03:18.844Z] GET Reports - Query: {"employee":"6961c453adfbaae4753659b0"} | Sort: {"date":-1} | Found: 4 | User: Kshitismita Panda (employee)
[2026-01-12T08:03:22.355Z] GET Reports - Query: {"employee":"6961c453adfbaae4753659b0","$or":[{"tasksCompleted":{"$regex":"v","$options":"i"}},{"tasksInProgress":{"$regex":"v","$options":"i"}},{"challenges":{"$regex":"v","$options":"i"}},{"achievements":{"$regex":"v","$options":"i"}},{"notes":{"$regex":"v","$options":"i"}},{"feedback":{"$regex":"v","$options":"i"}}]} | Sort: {"date":-1} | Found: 1 | User: Kshitismita Panda (employee)
[2026-01-12T08:03:23.594Z] GET Reports - Query: {"employee":"6961c453adfbaae4753659b0"} | Sort: {"date":-1} | Found: 4 | User: Kshitismita Panda (employee)
[2026-01-12T08:03:26.608Z] GET Reports - Query: {"employee":"6961c453adfbaae4753659b0","$or":[{"tasksCompleted":{"$regex":"v","$options":"i"}},{"tasksInProgress":{"$regex":"v","$options":"i"}},{"challenges":{"$regex":"v","$options":"i"}},{"achievements":{"$regex":"v","$options":"i"}},{"notes":{"$regex":"v","$options":"i"}},{"feedback":{"$regex":"v","$options":"i"}}]} | Sort: {"date":-1} | Found: 1 | User: Kshitismita Panda (employee)
[2026-01-12T08:03:32.722Z] GET Reports - Query: {"employee":"6961c453adfbaae4753659b0"} | Sort: {"date":-1} | Found: 4 | User: Kshitismita Panda (employee)
[2026-01-12T08:03:34.772Z] GET Reports - Query: {"employee":"6961c453adfbaae4753659b0","$or":[{"tasksCompleted":{"$regex":"sa","$options":"i"}},{"tasksInProgress":{"$regex":"sa","$options":"i"}},{"challenges":{"$regex":"sa","$options":"i"}},{"achievements":{"$regex":"sa","$options":"i"}},{"notes":{"$regex":"sa","$options":"i"}},{"feedback":{"$regex":"sa","$options":"i"}}]} | Sort: {"date":-1} | Found: 0 | User: Kshitismita Panda (employee)
[2026-01-12T08:03:36.938Z] GET Reports - Query: {"employee":"6961c453adfbaae4753659b0"} | Sort: {"date":-1} | Found: 4 | User: Kshitismita Panda (employee)
[2026-01-12T08:03:39.511Z] GET Reports - Query: {"employee":"6961c453adfbaae4753659b0","$or":[{"tasksCompleted":{"$regex":"s","$options":"i"}},{"tasksInProgress":{"$regex":"s","$options":"i"}},{"challenges":{"$regex":"s","$options":"i"}},{"achievements":{"$regex":"s","$options":"i"}},{"notes":{"$regex":"s","$options":"i"}},{"feedback":{"$regex":"s","$options":"i"}}]} | Sort: {"date":-1} | Found: 4 | User: Kshitismita Panda (employee)
[2026-01-12T08:03:40.078Z] GET Reports - Query: {"employee":"6961c453adfbaae4753659b0"} | Sort: {"date":-1} | Found: 4 | User: Kshitismita Panda (employee)
[2026-01-12T08:03:41.200Z] GET Reports - Query: {"employee":"6961c453adfbaae4753659b0","$or":[{"tasksCompleted":{"$regex":"ks","$options":"i"}},{"tasksInProgress":{"$regex":"ks","$options":"i"}},{"challenges":{"$regex":"ks","$options":"i"}},{"achievements":{"$regex":"ks","$options":"i"}},{"notes":{"$regex":"ks","$options":"i"}},{"feedback":{"$regex":"ks","$options":"i"}}]} | Sort: {"date":-1} | Found: 0 | User: Kshitismita Panda (employee)
[2026-01-12T08:03:43.206Z] GET Reports - Query: {"employee":"6961c453adfbaae4753659b0"} | Sort: {"date":-1} | Found: 4 | User: Kshitismita Panda (employee)
[2026-01-12T08:04:08.826Z] GET Reports - Query: {"employee":"6961c453adfbaae4753659b0"} | Sort: {"date":-1} | Found: 5 | User: Kshitismita Panda (employee)
[2026-01-12T08:04:08.945Z] GET Reports - Query: {"employee":"6961c453adfbaae4753659b0"} | Sort: {"date":-1} | Found: 5 | User: Kshitismita Panda (employee)
[2026-01-12T08:04:09.087Z] GET Reports - Query: {"employee":"6961c453adfbaae4753659b0"} | Sort: {"date":-1} | Found: 5 | User: Kshitismita Panda (employee)
[2026-01-12T08:05:01.796Z] GET Reports - Query: {} | Sort: {"date":-1} | Found: 5 | User: Siddhesh (admin)
[2026-01-12T08:05:01.979Z] GET Reports - Query: {} | Sort: {"date":-1} | Found: 5 | User: Siddhesh (admin)
[2026-01-12T08:05:02.098Z] GET Reports - Query: {} | Sort: {"date":-1} | Found: 5 | User: Siddhesh (admin)
[2026-01-12T08:05:51.505Z] GET Reports - Query: {"$or":[{"tasksCompleted":{"$regex":"ks","$options":"i"}},{"tasksInProgress":{"$regex":"ks","$options":"i"}},{"challenges":{"$regex":"ks","$options":"i"}},{"achievements":{"$regex":"ks","$options":"i"}},{"notes":{"$regex":"ks","$options":"i"}},{"feedback":{"$regex":"ks","$options":"i"}}]} | Sort: {"date":-1} | Found: 0 | User: Siddhesh (admin)
[2026-01-12T08:05:58.671Z] GET Reports - Query: {"status":"submitted","$or":[{"tasksCompleted":{"$regex":"ks","$options":"i"}},{"tasksInProgress":{"$regex":"ks","$options":"i"}},{"challenges":{"$regex":"ks","$options":"i"}},{"achievements":{"$regex":"ks","$options":"i"}},{"notes":{"$regex":"ks","$options":"i"}},{"feedback":{"$regex":"ks","$options":"i"}}]} | Sort: {"date":-1} | Found: 0 | User: Siddhesh (admin)
[2026-01-12T08:06:02.111Z] GET Reports - Query: {"status":"reviewed","$or":[{"tasksCompleted":{"$regex":"ks","$options":"i"}},{"tasksInProgress":{"$regex":"ks","$options":"i"}},{"challenges":{"$regex":"ks","$options":"i"}},{"achievements":{"$regex":"ks","$options":"i"}},{"notes":{"$regex":"ks","$options":"i"}},{"feedback":{"$regex":"ks","$options":"i"}}]} | Sort: {"date":-1} | Found: 0 | User: Siddhesh (admin)
[2026-01-12T08:06:05.993Z] GET Reports - Query: {"status":"rejected","$or":[{"tasksCompleted":{"$regex":"ks","$options":"i"}},{"tasksInProgress":{"$regex":"ks","$options":"i"}},{"challenges":{"$regex":"ks","$options":"i"}},{"achievements":{"$regex":"ks","$options":"i"}},{"notes":{"$regex":"ks","$options":"i"}},{"feedback":{"$regex":"ks","$options":"i"}}]} | Sort: {"date":-1} | Found: 0 | User: Siddhesh (admin)
[2026-01-12T08:07:09.892Z] GET Reports - Query: {} | Sort: {"date":-1} | Found: 5 | User: Siddhesh (admin)
[2026-01-12T08:07:10.190Z] GET Reports - Query: {} | Sort: {"date":-1} | Found: 5 | User: Siddhesh (admin)
[2026-01-12T08:07:10.314Z] GET Reports - Query: {} | Sort: {"date":-1} | Found: 5 | User: Siddhesh (admin)
[2026-01-12T08:08:21.685Z] GET Reports - Query: {} | Sort: {"date":-1} | Found: 5 | User: Siddhesh (admin)
[2026-01-12T08:08:21.831Z] GET Reports - Query: {} | Sort: {"date":-1} | Found: 5 | User: Siddhesh (admin)
[2026-01-12T08:08:21.918Z] GET Reports - Query: {} | Sort: {"date":-1} | Found: 5 | User: Siddhesh (admin)
[2026-01-12T08:08:24.254Z] GET Reports - Query: {"status":"submitted"} | Sort: {"date":-1} | Found: 2 | User: Siddhesh (admin)
[2026-01-12T08:08:27.066Z] GET Reports - Query: {"status":"approved"} | Sort: {"date":-1} | Found: 1 | User: Siddhesh (admin)
[2026-01-12T08:08:29.700Z] GET Reports - Query: {"status":"rejected"} | Sort: {"date":-1} | Found: 2 | User: Siddhesh (admin)
[2026-01-12T08:08:32.786Z] GET Reports - Query: {"status":"rejected","$or":[{"tasksCompleted":{"$regex":"te","$options":"i"}},{"tasksInProgress":{"$regex":"te","$options":"i"}},{"challenges":{"$regex":"te","$options":"i"}},{"achievements":{"$regex":"te","$options":"i"}},{"notes":{"$regex":"te","$options":"i"}},{"feedback":{"$regex":"te","$options":"i"}},{"employee.name":{"$regex":"te","$options":"i"}},{"employee.email":{"$regex":"te","$options":"i"}},{"employee.employeeId":{"$regex":"te","$options":"i"}},{"project.name":{"$regex":"te","$options":"i"}},{"reviewedBy.name":{"$regex":"te","$options":"i"}},{"reviewedBy.email":{"$regex":"te","$options":"i"}}]} | Sort: {"date":-1} | Found: 2 | User: Siddhesh (admin)
[2026-01-12T08:08:34.707Z] GET Reports - Query: {"status":"rejected","$or":[{"tasksCompleted":{"$regex":"tes","$options":"i"}},{"tasksInProgress":{"$regex":"tes","$options":"i"}},{"challenges":{"$regex":"tes","$options":"i"}},{"achievements":{"$regex":"tes","$options":"i"}},{"notes":{"$regex":"tes","$options":"i"}},{"feedback":{"$regex":"tes","$options":"i"}},{"employee.name":{"$regex":"tes","$options":"i"}},{"employee.email":{"$regex":"tes","$options":"i"}},{"employee.employeeId":{"$regex":"tes","$options":"i"}},{"project.name":{"$regex":"tes","$options":"i"}},{"reviewedBy.name":{"$regex":"tes","$options":"i"}},{"reviewedBy.email":{"$regex":"tes","$options":"i"}}]} | Sort: {"date":-1} | Found: 2 | User: Siddhesh (admin)
[2026-01-12T08:08:35.549Z] GET Reports - Query: {"status":"rejected","$or":[{"tasksCompleted":{"$regex":"test","$options":"i"}},{"tasksInProgress":{"$regex":"test","$options":"i"}},{"challenges":{"$regex":"test","$options":"i"}},{"achievements":{"$regex":"test","$options":"i"}},{"notes":{"$regex":"test","$options":"i"}},{"feedback":{"$regex":"test","$options":"i"}},{"employee.name":{"$regex":"test","$options":"i"}},{"employee.email":{"$regex":"test","$options":"i"}},{"employee.employeeId":{"$regex":"test","$options":"i"}},{"project.name":{"$regex":"test","$options":"i"}},{"reviewedBy.name":{"$regex":"test","$options":"i"}},{"reviewedBy.email":{"$regex":"test","$options":"i"}}]} | Sort: {"date":-1} | Found: 2 | User: Siddhesh (admin)
[2026-01-12T08:08:37.768Z] GET Reports - Query: {"$or":[{"tasksCompleted":{"$regex":"test","$options":"i"}},{"tasksInProgress":{"$regex":"test","$options":"i"}},{"challenges":{"$regex":"test","$options":"i"}},{"achievements":{"$regex":"test","$options":"i"}},{"notes":{"$regex":"test","$options":"i"}},{"feedback":{"$regex":"test","$options":"i"}},{"employee.name":{"$regex":"test","$options":"i"}},{"employee.email":{"$regex":"test","$options":"i"}},{"employee.employeeId":{"$regex":"test","$options":"i"}},{"project.name":{"$regex":"test","$options":"i"}},{"reviewedBy.name":{"$regex":"test","$options":"i"}},{"reviewedBy.email":{"$regex":"test","$options":"i"}}]} | Sort: {"date":-1} | Found: 4 | User: Siddhesh (admin)
[2026-01-12T08:08:42.419Z] GET Reports - Query: {} | Sort: {"date":-1} | Found: 5 | User: Siddhesh (admin)
[2026-01-12T08:08:43.948Z] GET Reports - Query: {"$or":[{"tasksCompleted":{"$regex":"te","$options":"i"}},{"tasksInProgress":{"$regex":"te","$options":"i"}},{"challenges":{"$regex":"te","$options":"i"}},{"achievements":{"$regex":"te","$options":"i"}},{"notes":{"$regex":"te","$options":"i"}},{"feedback":{"$regex":"te","$options":"i"}},{"employee.name":{"$regex":"te","$options":"i"}},{"employee.email":{"$regex":"te","$options":"i"}},{"employee.employeeId":{"$regex":"te","$options":"i"}},{"project.name":{"$regex":"te","$options":"i"}},{"reviewedBy.name":{"$regex":"te","$options":"i"}},{"reviewedBy.email":{"$regex":"te","$options":"i"}}]} | Sort: {"date":-1} | Found: 4 | User: Siddhesh (admin)
[2026-01-12T08:08:44.897Z] GET Reports - Query: {"$or":[{"tasksCompleted":{"$regex":"tes","$options":"i"}},{"tasksInProgress":{"$regex":"tes","$options":"i"}},{"challenges":{"$regex":"tes","$options":"i"}},{"achievements":{"$regex":"tes","$options":"i"}},{"notes":{"$regex":"tes","$options":"i"}},{"feedback":{"$regex":"tes","$options":"i"}},{"employee.name":{"$regex":"tes","$options":"i"}},{"employee.email":{"$regex":"tes","$options":"i"}},{"employee.employeeId":{"$regex":"tes","$options":"i"}},{"project.name":{"$regex":"tes","$options":"i"}},{"reviewedBy.name":{"$regex":"tes","$options":"i"}},{"reviewedBy.email":{"$regex":"tes","$options":"i"}}]} | Sort: {"date":-1} | Found: 4 | User: Siddhesh (admin)
[2026-01-12T08:08:46.016Z] GET Reports - Query: {"$or":[{"tasksCompleted":{"$regex":"test","$options":"i"}},{"tasksInProgress":{"$regex":"test","$options":"i"}},{"challenges":{"$regex":"test","$options":"i"}},{"achievements":{"$regex":"test","$options":"i"}},{"notes":{"$regex":"test","$options":"i"}},{"feedback":{"$regex":"test","$options":"i"}},{"employee.name":{"$regex":"test","$options":"i"}},{"employee.email":{"$regex":"test","$options":"i"}},{"employee.employeeId":{"$regex":"test","$options":"i"}},{"project.name":{"$regex":"test","$options":"i"}},{"reviewedBy.name":{"$regex":"test","$options":"i"}},{"reviewedBy.email":{"$regex":"test","$options":"i"}}]} | Sort: {"date":-1} | Found: 4 | User: Siddhesh (admin)
[2026-01-12T08:08:49.496Z] GET Reports - Query: {} | Sort: {"date":-1} | Found: 5 | User: Siddhesh (admin)
[2026-01-12T08:11:39.601Z] GET Reports - Query: {} | Sort: {"date":-1} | Found: 5 | User: Siddhesh (admin)
[2026-01-12T08:11:39.782Z] GET Reports - Query: {} | Sort: {"date":-1} | Found: 5 | User: Siddhesh (admin)
[2026-01-12T08:11:49.946Z] GET Reports - Query: {} | Sort: {"date":-1} | Found: 5 | User: Siddhesh (admin)
[2026-01-12T08:11:57.197Z] GET Reports - Query: {} | Sort: {"date":-1} | Found: 5 | User: Siddhesh (admin)
[2026-01-12T08:13:44.485Z] GET Reports - Query: {} | Sort: {"date":-1} | Found: 5 | User: Siddhesh (admin)
[2026-01-12T08:13:44.585Z] GET Reports - Query: {} | Sort: {"date":-1} | Found: 5 | User: Siddhesh (admin)
[2026-01-12T08:13:44.648Z] GET Reports - Query: {} | Sort: {"date":-1} | Found: 5 | User: Siddhesh (admin)
[2026-01-12T08:13:51.416Z] GET Reports - Query: {} | Sort: {"date":-1} | Found: 5 | User: Siddhesh (admin)
[2026-01-12T08:13:56.215Z] GET Reports - Query: {} | Sort: {"date":-1} | Found: 5 | User: Siddhesh (admin)
[2026-01-12T08:13:59.032Z] GET Reports - Query: {} | Sort: {"date":-1} | Found: 5 | User: Siddhesh (admin)
[2026-01-12T08:15:43.915Z] GET Reports - Query: {} | Sort: {"date":-1} | Found: 5 | User: Siddhesh (admin)
[2026-01-12T08:15:57.162Z] GET Reports - Query: {} | Sort: {"date":-1} | Found: 5 | User: Siddhesh (admin)
[2026-01-12T08:16:01.825Z] GET Reports - Query: {} | Sort: {"date":-1} | Found: 5 | User: Siddhesh (admin)
[2026-01-12T08:20:31.494Z] GET Reports - Query: {} | Sort: {"date":-1} | Found: 5 | User: Siddhesh (admin)
[2026-01-12T08:20:34.090Z] GET Reports - Query: {} | Sort: {"date":-1} | Found: 5 | User: Siddhesh (admin)
[2026-01-12T08:20:34.410Z] GET Reports - Query: {} | Sort: {"date":-1} | Found: 5 | User: Siddhesh (admin)
[2026-01-12T08:22:57.915Z] GET Reports - Query: {"date":{"$gte":"2006-01-11T00:00:00.000Z","$lte":"2026-01-12T00:00:00.000Z"}} | Sort: {"date":-1} | Found: 3 | User: Siddhesh (admin)
[2026-01-12T08:23:00.932Z] GET Reports - Query: {} | Sort: {"date":-1} | Found: 5 | User: Siddhesh (admin)
[2026-01-12T08:23:15.724Z] GET Reports - Query: {} | Sort: {"date":-1} | Found: 5 | User: Siddhesh (admin)
[2026-01-12T08:23:23.961Z] GET Reports - Query: {} | Sort: {"date":-1} | Found: 5 | User: Siddhesh (admin)
[2026-01-12T08:23:30.220Z] GET Reports - Query: {} | Sort: {"date":-1} | Found: 5 | User: Siddhesh (admin)
[2026-01-12T08:23:35.782Z] GET Reports - Query: {} | Sort: {"date":-1} | Found: 5 | User: Siddhesh (admin)
[2026-01-12T08:23:45.926Z] GET Reports - Query: {} | Sort: {"date":-1} | Found: 5 | User: Siddhesh (admin)
[2026-01-12T08:25:02.283Z] GET Reports - Query: {} | Sort: {"date":-1} | Found: 5 | User: Siddhesh (admin)
[2026-01-12T08:26:03.050Z] GET Reports - Query: {} | Sort: {"date":-1} | Found: 5 | User: Siddhesh (admin)
[2026-01-12T08:26:05.901Z] GET Reports - Query: {} | Sort: {"date":-1} | Found: 5 | User: Siddhesh (admin)
[2026-01-12T08:26:06.204Z] GET Reports - Query: {} | Sort: {"date":-1} | Found: 5 | User: Siddhesh (admin)
[2026-01-12T08:57:25.985Z] GET Reports - Query: {} | Sort: {"date":-1} | Found: 5 | User: Siddhesh (admin)
[2026-01-12T08:57:26.227Z] GET Reports - Query: {} | Sort: {"date":-1} | Found: 5 | User: Siddhesh (admin)
[2026-01-12T08:57:26.306Z] GET Reports - Query: {} | Sort: {"date":-1} | Found: 5 | User: Siddhesh (admin)
[2026-01-12T09:03:40.705Z] GET Reports - Query: {"employee":"6961c453adfbaae4753659b0"} | Sort: {"date":-1} | Found: 5 | User: Kshitismita Panda (employee)
[2026-01-12T09:03:41.140Z] GET Reports - Query: {"employee":"6961c453adfbaae4753659b0"} | Sort: {"date":-1} | Found: 5 | User: Kshitismita Panda (employee)
[2026-01-12T09:06:25.570Z] GET Reports - Query: {"employee":"6961c453adfbaae4753659b0"} | Sort: {"date":-1} | Found: 5 | User: Kshitismita Panda (employee)
[2026-01-12T09:06:25.710Z] GET Reports - Query: {"employee":"6961c453adfbaae4753659b0"} | Sort: {"date":-1} | Found: 5 | User: Kshitismita Panda (employee)
[2026-01-12T09:06:25.855Z] GET Reports - Query: {"employee":"6961c453adfbaae4753659b0"} | Sort: {"date":-1} | Found: 5 | User: Kshitismita Panda (employee)
[2026-01-12T09:07:03.014Z] GET Reports - Query: {"employee":"6961c453adfbaae4753659b0"} | Sort: {"date":-1} | Found: 5 | User: Kshitismita Panda (employee)
[2026-01-12T09:07:03.857Z] GET Reports - Query: {"employee":"6961c453adfbaae4753659b0"} | Sort: {"date":-1} | Found: 5 | User: Kshitismita Panda (employee)
[2026-01-12T09:07:06.926Z] GET Reports - Query: {"employee":"6961c453adfbaae4753659b0"} | Sort: {"date":-1} | Found: 5 | User: Kshitismita Panda (employee)
[2026-01-12T09:07:07.042Z] GET Reports - Query: {"employee":"6961c453adfbaae4753659b0"} | Sort: {"date":-1} | Found: 5 | User: Kshitismita Panda (employee)
[2026-01-12T09:07:07.197Z] GET Reports - Query: {"employee":"6961c453adfbaae4753659b0"} | Sort: {"date":-1} | Found: 5 | User: Kshitismita Panda (employee)
[2026-01-12T09:07:14.482Z] GET Reports - Query: {"employee":"6961c453adfbaae4753659b0"} | Sort: {"date":-1} | Found: 5 | User: Kshitismita Panda (employee)
[2026-01-12T09:07:14.584Z] GET Reports - Query: {"employee":"6961c453adfbaae4753659b0"} | Sort: {"date":-1} | Found: 5 | User: Kshitismita Panda (employee)
[2026-01-12T09:07:14.763Z] GET Reports - Query: {"employee":"6961c453adfbaae4753659b0"} | Sort: {"date":-1} | Found: 5 | User: Kshitismita Panda (employee)
[2026-01-12T09:08:43.660Z] GET Reports - Query: {"employee":"6961c453adfbaae4753659b0"} | Sort: {"date":-1} | Found: 6 | User: Kshitismita Panda (employee)
[2026-01-12T09:08:43.799Z] GET Reports - Query: {"employee":"6961c453adfbaae4753659b0"} | Sort: {"date":-1} | Found: 6 | User: Kshitismita Panda (employee)
[2026-01-12T09:08:43.960Z] GET Reports - Query: {"employee":"6961c453adfbaae4753659b0"} | Sort: {"date":-1} | Found: 6 | User: Kshitismita Panda (employee)
[2026-01-12T09:08:56.530Z] GET Reports - Query: {} | Sort: {"date":-1} | Found: 6 | User: Siddhesh (admin)
[2026-01-12T09:08:56.689Z] GET Reports - Query: {} | Sort: {"date":-1} | Found: 6 | User: Siddhesh (admin)
[2026-01-12T09:08:56.767Z] GET Reports - Query: {} | Sort: {"date":-1} | Found: 6 | User: Siddhesh (admin)
[2026-01-12T09:09:37.339Z] GET Reports - Query: {"employee":"6961c453adfbaae4753659b0"} | Sort: {"date":-1} | Found: 6 | User: Kshitismita Panda (employee)
[2026-01-12T09:09:37.608Z] GET Reports - Query: {"employee":"6961c453adfbaae4753659b0"} | Sort: {"date":-1} | Found: 6 | User: Kshitismita Panda (employee)
[2026-01-12T09:09:56.221Z] GET Reports - Query: {"employee":"6961c453adfbaae4753659b0"} | Sort: {"date":-1} | Found: 6 | User: Kshitismita Panda (employee)
[2026-01-12T09:09:56.511Z] GET Reports - Query: {"employee":"6961c453adfbaae4753659b0"} | Sort: {"date":-1} | Found: 6 | User: Kshitismita Panda (employee)
[2026-01-12T09:26:33.846Z] GET Reports - Query: {"employee":"6961c453adfbaae4753659b0"} | Sort: {"date":-1} | Found: 6 | User: Kshitismita Panda (employee)
[2026-01-12T09:26:34.197Z] GET Reports - Query: {"employee":"6961c453adfbaae4753659b0"} | Sort: {"date":-1} | Found: 6 | User: Kshitismita Panda (employee)
[2026-01-12T09:28:43.099Z] GET Reports - Query: {"employee":"6961c453adfbaae4753659b0"} | Sort: {"date":-1} | Found: 6 | User: Kshitismita Panda (employee)
[2026-01-12T09:28:43.510Z] GET Reports - Query: {"employee":"6961c453adfbaae4753659b0"} | Sort: {"date":-1} | Found: 6 | User: Kshitismita Panda (employee)
[2026-01-12T09:41:24.082Z] GET Reports - Query: {"employee":"6961c453adfbaae4753659b0"} | Sort: {"date":-1} | Found: 6 | User: Kshitismita Panda (employee)
[2026-01-12T09:42:58.785Z] GET Reports - Query: {"employee":"6961c453adfbaae4753659b0"} | Sort: {"date":-1} | Found: 6 | User: Kshitismita Panda (employee)
[2026-01-12T09:42:59.061Z] GET Reports - Query: {"employee":"6961c453adfbaae4753659b0"} | Sort: {"date":-1} | Found: 6 | User: Kshitismita Panda (employee)
[2026-01-12T09:43:26.601Z] GET Reports - Query: {"employee":"6961c453adfbaae4753659b0"} | Sort: {"date":-1} | Found: 6 | User: Kshitismita Panda (employee)
[2026-01-12T09:43:26.946Z] GET Reports - Query: {"employee":"6961c453adfbaae4753659b0"} | Sort: {"date":-1} | Found: 6 | User: Kshitismita Panda (employee)
[2026-01-12T09:46:54.148Z] GET Reports - Query: {"employee":"6961c453adfbaae4753659b0"} | Sort: {"date":-1} | Found: 6 | User: Kshitismita Panda (employee)
[2026-01-12T09:46:55.221Z] GET Reports - Query: {"employee":"6961c453adfbaae4753659b0"} | Sort: {"date":-1} | Found: 6 | User: Kshitismita Panda (employee)
[2026-01-12T09:50:59.514Z] GET Reports - Query: {"employee":"6961c453adfbaae4753659b0"} | Sort: {"date":-1} | Found: 6 | User: Kshitismita Panda (employee)
[2026-01-12T09:50:59.896Z] GET Reports - Query: {"employee":"6961c453adfbaae4753659b0"} | Sort: {"date":-1} | Found: 6 | User: Kshitismita Panda (employee)
[2026-01-12T09:56:33.618Z] GET Reports - Query: {"employee":"6961c453adfbaae4753659b0"} | Sort: {"date":-1} | Found: 6 | User: Kshitismita Panda (employee)
[2026-01-12T09:56:35.152Z] GET Reports - Query: {"employee":"6961c453adfbaae4753659b0"} | Sort: {"date":-1} | Found: 6 | User: Kshitismita Panda (employee)
[2026-01-12T09:58:52.766Z] GET Reports - Query: {"employee":"6961c453adfbaae4753659b0"} | Sort: {"date":-1} | Found: 6 | User: Kshitismita Panda (employee)
[2026-01-12T10:50:20.635Z] GET Reports - Query: {} | Sort: {"date":-1} | Found: 6 | User: Siddhesh (admin)
[2026-01-12T10:50:20.998Z] GET Reports - Query: {} | Sort: {"date":-1} | Found: 6 | User: Siddhesh (admin)
[2026-01-12T10:50:21.120Z] GET Reports - Query: {} | Sort: {"date":-1} | Found: 6 | User: Siddhesh (admin)
[2026-01-12T10:51:02.936Z] GET Reports - Query: {"employee":"6961c453adfbaae4753659b0"} | Sort: {"date":-1} | Found: 6 | User: Kshitismita Panda (employee)
[2026-01-12T10:51:03.695Z] GET Reports - Query: {"employee":"6961c453adfbaae4753659b0"} | Sort: {"date":-1} | Found: 6 | User: Kshitismita Panda (employee)
[2026-01-12T10:51:06.387Z] GET Reports - Query: {"employee":"6961c453adfbaae4753659b0"} | Sort: {"date":-1} | Found: 6 | User: Kshitismita Panda (employee)
[2026-01-12T10:51:06.896Z] GET Reports - Query: {"employee":"6961c453adfbaae4753659b0"} | Sort: {"date":-1} | Found: 6 | User: Kshitismita Panda (employee)
[2026-01-12T10:51:58.245Z] GET Reports - Query: {"employee":"6961c453adfbaae4753659b0"} | Sort: {"date":-1} | Found: 6 | User: Kshitismita Panda (employee)
[2026-01-12T10:52:04.102Z] GET Reports - Query: {"employee":"6961c453adfbaae4753659b0"} | Sort: {"date":-1} | Found: 6 | User: Kshitismita Panda (employee)
[2026-01-12T10:55:46.460Z] GET Reports - Query: {"employee":"6961c453adfbaae4753659b0"} | Sort: {"date":-1} | Found: 6 | User: Kshitismita Panda (employee)
[2026-01-12T10:55:47.358Z] GET Reports - Query: {"employee":"6961c453adfbaae4753659b0"} | Sort: {"date":-1} | Found: 6 | User: Kshitismita Panda (employee)
[2026-01-12T10:57:19.568Z] GET Reports - Query: {"employee":"6961c453adfbaae4753659b0"} | Sort: {"date":-1} | Found: 6 | User: Kshitismita Panda (employee)
[2026-01-12T10:57:20.586Z] GET Reports - Query: {"employee":"6961c453adfbaae4753659b0"} | Sort: {"date":-1} | Found: 6 | User: Kshitismita Panda (employee)
[2026-01-12T10:57:51.216Z] GET Reports - Query: {"employee":"6961c453adfbaae4753659b0"} | Sort: {"date":-1} | Found: 6 | User: Kshitismita Panda (employee)
[2026-01-12T10:57:51.993Z] GET Reports - Query: {"employee":"6961c453adfbaae4753659b0"} | Sort: {"date":-1} | Found: 6 | User: Kshitismita Panda (employee)
[2026-01-12T11:06:05.473Z] GET Reports - Query: {"employee":"6961c453adfbaae4753659b0"} | Sort: {"date":-1} | Found: 6 | User: Kshitismita Panda (employee)
[2026-01-12T11:06:06.161Z] GET Reports - Query: {"employee":"6961c453adfbaae4753659b0"} | Sort: {"date":-1} | Found: 6 | User: Kshitismita Panda (employee)
[2026-01-12T11:06:36.161Z] GET Reports - Query: {"employee":"6961c453adfbaae4753659b0"} | Sort: {"date":-1} | Found: 6 | User: Kshitismita Panda (employee)
[2026-01-12T11:06:36.640Z] GET Reports - Query: {"employee":"6961c453adfbaae4753659b0"} | Sort: {"date":-1} | Found: 6 | User: Kshitismita Panda (employee)
[2026-01-12T11:06:52.562Z] GET Reports - Query: {} | Sort: {"date":-1} | Found: 6 | User: Siddhesh (admin)
[2026-01-12T11:06:55.940Z] GET Reports - Query: {} | Sort: {"date":-1} | Found: 6 | User: Siddhesh (admin)
[2026-01-12T11:12:34.224Z] GET Reports - Query: {} | Sort: {"date":-1} | Found: 6 | User: Siddhesh (admin)
[2026-01-12T11:12:35.332Z] GET Reports - Query: {} | Sort: {"date":-1} | Found: 6 | User: Siddhesh (admin)
[2026-01-12T11:12:36.223Z] GET Reports - Query: {} | Sort: {"date":-1} | Found: 6 | User: Siddhesh (admin)
[2026-01-12T11:16:14.733Z] GET Reports - Query: {"employee":"6961c453adfbaae4753659b0"} | Sort: {"date":-1} | Found: 6 | User: Kshitismita Panda (employee)
[2026-01-12T11:16:15.751Z] GET Reports - Query: {"employee":"6961c453adfbaae4753659b0"} | Sort: {"date":-1} | Found: 6 | User: Kshitismita Panda (employee)
[2026-01-12T11:17:04.992Z] GET Reports - Query: {} | Sort: {"date":-1} | Found: 6 | User: Siddhesh (admin)
[2026-01-12T11:17:05.791Z] GET Reports - Query: {} | Sort: {"date":-1} | Found: 6 | User: Siddhesh (admin)
[2026-01-12T12:21:38.083Z] Upload API Error: Request Timeout
Stack: Error: Request Timeout
    at E:\NeuralArc\ems\.next\dev\server\chunks\[root-of-the-server]__db6d86dd._.js:149:64
    at E:\NeuralArc\ems\.next\dev\server\chunks\node_modules_cloudinary_0ecd8ca6._.js:2168:20
    at handle_response (E:\NeuralArc\ems\.next\dev\server\chunks\node_modules_cloudinary_0ecd8ca6._.js:4235:13)
    at ClientRequest.<anonymous> (E:\NeuralArc\ems\.next\dev\server\chunks\node_modules_cloudinary_0ecd8ca6._.js:4357:16)
    at ClientRequest.emit (node:events:531:35)
    at emitErrorEvent (node:_http_client:107:11)
    at TLSSocket.socketCloseListener (node:_http_client:547:7)
    at TLSSocket.emit (node:events:531:35)
    at node:net:346:12
    at TCP.done (node:_tls_wrap:650:7)
    at TCP.callbackTrampoline (node:internal/async_hooks:130:17)

[2026-01-12T13:05:28.905Z] DOWNLOAD DIAGNOSTIC: Attempting to fetch document from source: https://res.cloudinary.com/dyhuj2m92/image/upload/v1768220563/ems/reference-library/nve9dher5vp6j7jxrniu.pdf
[2026-01-12T13:09:15.017Z] DOWNLOAD DIAGNOSTIC: Attempting to fetch document from source: https://res.cloudinary.com/dyhuj2m92/image/upload/v1768220563/ems/reference-library/nve9dher5vp6j7jxrniu.pdf
[2026-01-12T13:20:48.447Z] DOWNLOAD DIAGNOSTIC: Attempting to fetch document from source: https://res.cloudinary.com/dyhuj2m92/image/upload/v1768224043/ems/reference-library/qmlcx8wuevqtppce6mkp.jpg
[2026-01-12T13:22:13.966Z] GET Reports - Query: {} | Sort: {"date":-1} | Found: 6 | User: Siddhesh (admin)
[2026-01-12T13:22:21.092Z] GET Reports - Query: {} | Sort: {"date":-1} | Found: 6 | User: Siddhesh (admin)
[2026-01-12T13:22:22.207Z] GET Reports - Query: {} | Sort: {"date":-1} | Found: 6 | User: Siddhesh (admin)
[2026-01-12T13:22:23.951Z] GET Reports - Query: {"employee":"6961c453adfbaae4753659b0"} | Sort: {"date":-1} | Found: 6 | User: Kshitismita Panda (employee)
[2026-01-12T13:22:24.767Z] GET Reports - Query: {"employee":"6961c453adfbaae4753659b0"} | Sort: {"date":-1} | Found: 6 | User: Kshitismita Panda (employee)
[2026-01-12T13:22:38.617Z] GET Reports - Query: {"employee":"6961c453adfbaae4753659b0"} | Sort: {"date":-1} | Found: 6 | User: Kshitismita Panda (employee)
[2026-01-12T13:22:40.038Z] GET Reports - Query: {"employee":"6961c453adfbaae4753659b0"} | Sort: {"date":-1} | Found: 6 | User: Kshitismita Panda (employee)
[2026-01-12T13:22:40.918Z] GET Reports - Query: {"employee":"6961c453adfbaae4753659b0"} | Sort: {"date":-1} | Found: 6 | User: Kshitismita Panda (employee)
[2026-01-12T13:25:43.152Z] GET Reports - Query: {"employee":"6961c453adfbaae4753659b0"} | Sort: {"date":-1} | Found: 7 | User: Kshitismita Panda (employee)
[2026-01-12T13:25:43.335Z] GET Reports - Query: {"employee":"6961c453adfbaae4753659b0"} | Sort: {"date":-1} | Found: 7 | User: Kshitismita Panda (employee)
[2026-01-12T13:25:43.441Z] GET Reports - Query: {"employee":"6961c453adfbaae4753659b0"} | Sort: {"date":-1} | Found: 7 | User: Kshitismita Panda (employee)
[2026-01-12T13:26:10.610Z] GET Reports - Query: {"status":"submitted"} | Sort: {"date":-1} | Found: 3 | User: Siddhesh (admin)
[2026-01-12T13:47:50.452Z] GET Reports - Query: {"employee":"6961c453adfbaae4753659b0"} | Sort: {"date":-1} | Found: 7 | User: Kshitismita Panda (employee)
[2026-01-12T13:47:51.530Z] GET Reports - Query: {"employee":"6961c453adfbaae4753659b0"} | Sort: {"date":-1} | Found: 7 | User: Kshitismita Panda (employee)
[2026-01-12T13:47:52.601Z] GET Reports - Query: {"employee":"6961c453adfbaae4753659b0"} | Sort: {"date":-1} | Found: 7 | User: Kshitismita Panda (employee)
[2026-01-12T15:28:26.602Z] GET Reports - Query: {"employee":"6961c453adfbaae4753659b0"} | Sort: {"date":-1} | Found: 7 | User: Kshitismita Panda (employee)
[2026-01-12T15:28:27.192Z] GET Reports - Query: {"employee":"6961c453adfbaae4753659b0"} | Sort: {"date":-1} | Found: 7 | User: Kshitismita Panda (employee)
[2026-01-12T15:28:40.418Z] GET Reports - Query: {"employee":"6961c453adfbaae4753659b0"} | Sort: {"date":-1} | Found: 7 | User: Kshitismita Panda (employee)
[2026-01-12T15:28:40.788Z] GET Reports - Query: {"employee":"6961c453adfbaae4753659b0"} | Sort: {"date":-1} | Found: 7 | User: Kshitismita Panda (employee)
[2026-01-12T15:31:32.050Z] GET Reports - Query: {"employee":"6961c453adfbaae4753659b0"} | Sort: {"date":-1} | Found: 7 | User: Kshitismita Panda (employee)
[2026-01-12T15:31:32.460Z] GET Reports - Query: {"employee":"6961c453adfbaae4753659b0"} | Sort: {"date":-1} | Found: 7 | User: Kshitismita Panda (employee)
[2026-01-12T15:31:40.445Z] GET Reports - Query: {"employee":"6961c453adfbaae4753659b0"} | Sort: {"date":-1} | Found: 7 | User: Kshitismita Panda (employee)
[2026-01-12T15:31:40.595Z] GET Reports - Query: {"employee":"6961c453adfbaae4753659b0"} | Sort: {"date":-1} | Found: 7 | User: Kshitismita Panda (employee)
[2026-01-12T15:31:40.725Z] GET Reports - Query: {"employee":"6961c453adfbaae4753659b0"} | Sort: {"date":-1} | Found: 7 | User: Kshitismita Panda (employee)
[2026-01-12T15:31:47.296Z] GET Reports - Query: {"employee":"6961c453adfbaae4753659b0"} | Sort: {"date":-1} | Found: 7 | User: Kshitismita Panda (employee)
[2026-01-12T15:31:47.728Z] GET Reports - Query: {"employee":"6961c453adfbaae4753659b0"} | Sort: {"date":-1} | Found: 7 | User: Kshitismita Panda (employee)
[2026-01-12T15:32:37.712Z] GET Reports - Query: {} | Sort: {"date":-1} | Found: 7 | User: Siddhesh (admin)
[2026-01-12T15:32:38.377Z] GET Reports - Query: {} | Sort: {"date":-1} | Found: 7 | User: Siddhesh (admin)
[2026-01-12T15:32:38.500Z] GET Reports - Query: {} | Sort: {"date":-1} | Found: 7 | User: Siddhesh (admin)
[2026-01-12T15:33:25.422Z] GET Reports - Query: {"employee":"6961c453adfbaae4753659b0"} | Sort: {"date":-1} | Found: 7 | User: Kshitismita Panda (employee)
[2026-01-12T15:33:25.879Z] GET Reports - Query: {"employee":"6961c453adfbaae4753659b0"} | Sort: {"date":-1} | Found: 7 | User: Kshitismita Panda (employee)
[2026-01-12T15:34:15.519Z] GET Reports - Query: {"employee":"6961c453adfbaae4753659b0"} | Sort: {"date":-1} | Found: 7 | User: Kshitismita Panda (employee)
[2026-01-12T15:34:15.833Z] GET Reports - Query: {"employee":"6961c453adfbaae4753659b0"} | Sort: {"date":-1} | Found: 7 | User: Kshitismita Panda (employee)
[2026-01-12T15:34:16.335Z] GET Reports - Query: {"employee":"6961c453adfbaae4753659b0"} | Sort: {"date":-1} | Found: 7 | User: Kshitismita Panda (employee)
[2026-01-12T15:34:26.296Z] GET Reports - Query: {"employee":"6961c453adfbaae4753659b0"} | Sort: {"date":-1} | Found: 7 | User: Kshitismita Panda (employee)
[2026-01-12T15:34:27.269Z] GET Reports - Query: {"employee":"6961c453adfbaae4753659b0"} | Sort: {"date":-1} | Found: 7 | User: Kshitismita Panda (employee)
[2026-01-12T15:37:43.318Z] GET Reports - Query: {"employee":"6961c453adfbaae4753659b0"} | Sort: {"date":-1} | Found: 7 | User: Kshitismita Panda (employee)
[2026-01-12T15:37:43.972Z] GET Reports - Query: {"employee":"6961c453adfbaae4753659b0"} | Sort: {"date":-1} | Found: 7 | User: Kshitismita Panda (employee)
[2026-01-12T15:42:43.670Z] GET Reports - Query: {"employee":"6961c453adfbaae4753659b0","feedback":{"$exists":true,"$ne":""}} | Sort: {"date":-1} | Found: 5 | User: Kshitismita Panda (employee)
[2026-01-12T15:45:13.404Z] GET Reports - Query: {"employee":"6962a5b28b1b70b5f2ce8935","feedback":{"$exists":true,"$ne":""}} | Sort: {"date":-1} | Found: 0 | User: Ashwin (employee)
[2026-01-12T15:45:13.817Z] GET Reports - Query: {"employee":"6962a5b28b1b70b5f2ce8935","feedback":{"$exists":true,"$ne":""}} | Sort: {"date":-1} | Found: 0 | User: Ashwin (employee)
[2026-01-12T15:45:33.302Z] GET Reports - Query: {"employee":"6962a5b28b1b70b5f2ce8935"} | Sort: {"date":-1} | Found: 0 | User: Ashwin (employee)
[2026-01-12T15:45:33.438Z] GET Reports - Query: {"employee":"6962a5b28b1b70b5f2ce8935"} | Sort: {"date":-1} | Found: 0 | User: Ashwin (employee)
[2026-01-12T15:45:33.584Z] GET Reports - Query: {"employee":"6962a5b28b1b70b5f2ce8935"} | Sort: {"date":-1} | Found: 0 | User: Ashwin (employee)
[2026-01-12T15:52:45.270Z] GET Reports - Query: {"employee":"6962a5b28b1b70b5f2ce8935"} | Sort: {"date":-1} | Found: 1 | User: Ashwin (employee)
[2026-01-12T15:52:45.649Z] GET Reports - Query: {"employee":"6962a5b28b1b70b5f2ce8935"} | Sort: {"date":-1} | Found: 1 | User: Ashwin (employee)
[2026-01-12T15:52:45.950Z] GET Reports - Query: {"employee":"6962a5b28b1b70b5f2ce8935"} | Sort: {"date":-1} | Found: 1 | User: Ashwin (employee)
[2026-01-12T15:53:46.836Z] GET Reports - Query: {} | Sort: {"date":-1} | Found: 8 | User: Siddhesh (admin)
[2026-01-12T15:53:47.081Z] GET Reports - Query: {} | Sort: {"date":-1} | Found: 8 | User: Siddhesh (admin)
[2026-01-12T15:53:47.194Z] GET Reports - Query: {} | Sort: {"date":-1} | Found: 8 | User: Siddhesh (admin)
[2026-01-12T15:54:10.399Z] GET Reports - Query: {"employee":"6962a5b28b1b70b5f2ce8935","feedback":{"$exists":true,"$ne":""}} | Sort: {"date":-1} | Found: 1 | User: Ashwin (employee)
[2026-01-12T15:54:11.433Z] GET Reports - Query: {"employee":"6962a5b28b1b70b5f2ce8935","feedback":{"$exists":true,"$ne":""}} | Sort: {"date":-1} | Found: 1 | User: Ashwin (employee)
[2026-01-12T16:29:03.479Z] GET Reports - Query: {} | Sort: {"date":-1} | Found: 8 | User: Siddhesh (admin)
[2026-01-12T16:29:04.068Z] GET Reports - Query: {} | Sort: {"date":-1} | Found: 8 | User: Siddhesh (admin)
[2026-01-12T16:29:04.149Z] GET Reports - Query: {} | Sort: {"date":-1} | Found: 8 | User: Siddhesh (admin)
[2026-01-12T16:38:52.128Z] GET Reports - Query: {} | Sort: {"date":-1} | Found: 8 | User: Siddhesh (admin)
[2026-01-12T16:38:52.473Z] GET Reports - Query: {} | Sort: {"date":-1} | Found: 8 | User: Siddhesh (admin)
[2026-01-12T16:38:52.630Z] GET Reports - Query: {} | Sort: {"date":-1} | Found: 8 | User: Siddhesh (admin)
[2026-01-12T17:00:26.398Z] GET Reports - Query: {} | Sort: {"date":-1} | Found: 8 | User: Siddhesh (admin)
[2026-01-12T17:00:26.626Z] GET Reports - Query: {} | Sort: {"date":-1} | Found: 8 | User: Siddhesh (admin)
[2026-01-12T17:00:26.741Z] GET Reports - Query: {} | Sort: {"date":-1} | Found: 8 | User: Siddhesh (admin)
[2026-01-12T17:01:59.412Z] GET Reports - Query: {} | Sort: {"date":-1} | Found: 8 | User: Siddhesh (admin)
[2026-01-12T17:01:59.807Z] GET Reports - Query: {} | Sort: {"date":-1} | Found: 8 | User: Siddhesh (admin)
[2026-01-12T17:01:59.996Z] GET Reports - Query: {} | Sort: {"date":-1} | Found: 8 | User: Siddhesh (admin)
[2026-01-12T17:04:18.002Z] GET Reports - Query: {"employee":"6962a5b28b1b70b5f2ce8935","feedback":{"$exists":true,"$ne":""}} | Sort: {"date":-1} | Found: 1 | User: Ashwin (employee)
[2026-01-12T17:04:18.557Z] GET Reports - Query: {"employee":"6962a5b28b1b70b5f2ce8935","feedback":{"$exists":true,"$ne":""}} | Sort: {"date":-1} | Found: 1 | User: Ashwin (employee)
[2026-01-12T17:20:37.796Z] GET Reports - Query: {"employee":"6962a5b28b1b70b5f2ce8935","feedback":{"$exists":true,"$ne":""}} | Sort: {"date":-1} | Found: 1 | User: Ashwin (employee)
[2026-01-12T17:20:38.653Z] GET Reports - Query: {"employee":"6962a5b28b1b70b5f2ce8935","feedback":{"$exists":true,"$ne":""}} | Sort: {"date":-1} | Found: 1 | User: Ashwin (employee)
[2026-01-12T17:21:08.356Z] GET Reports - Query: {"employee":"6962a5b28b1b70b5f2ce8935","feedback":{"$exists":true,"$ne":""}} | Sort: {"date":-1} | Found: 1 | User: Ashwin (employee)
[2026-01-12T17:21:08.985Z] GET Reports - Query: {"employee":"6962a5b28b1b70b5f2ce8935","feedback":{"$exists":true,"$ne":""}} | Sort: {"date":-1} | Found: 1 | User: Ashwin (employee)
[2026-01-12T17:25:56.871Z] GET Reports - Query: {"employee":"6962a5b28b1b70b5f2ce8935","feedback":{"$exists":true,"$ne":""}} | Sort: {"date":-1} | Found: 1 | User: Ashwin (employee)
[2026-01-12T17:26:03.337Z] GET Reports - Query: {"employee":"6962a5b28b1b70b5f2ce8935","feedback":{"$exists":true,"$ne":""}} | Sort: {"date":-1} | Found: 1 | User: Ashwin (employee)
[2026-01-12T17:28:56.297Z] GET Reports - Query: {"employee":"6962a5b28b1b70b5f2ce8935","feedback":{"$exists":true,"$ne":""}} | Sort: {"date":-1} | Found: 1 | User: Ashwin (employee)
[2026-01-12T17:58:55.590Z] GET Reports - Query: {"employee":"6962a5b28b1b70b5f2ce8935","feedback":{"$exists":true,"$ne":""}} | Sort: {"date":-1} | Found: 1 | User: Ashwin (employee)
[2026-01-12T17:58:56.274Z] GET Reports - Query: {"employee":"6962a5b28b1b70b5f2ce8935","feedback":{"$exists":true,"$ne":""}} | Sort: {"date":-1} | Found: 1 | User: Ashwin (employee)
[2026-01-12T18:11:27.127Z] GET Reports - Query: {"employee":"6962a5b28b1b70b5f2ce8935","feedback":{"$exists":true,"$ne":""}} | Sort: {"date":-1} | Found: 1 | User: Ashwin (employee)
[2026-01-12T18:11:27.992Z] GET Reports - Query: {"employee":"6962a5b28b1b70b5f2ce8935","feedback":{"$exists":true,"$ne":""}} | Sort: {"date":-1} | Found: 1 | User: Ashwin (employee)
[2026-01-12T18:11:33.722Z] GET Reports - Query: {"employee":"6962a5b28b1b70b5f2ce8935","feedback":{"$exists":true,"$ne":""}} | Sort: {"date":-1} | Found: 1 | User: Ashwin (employee)
[2026-01-12T18:11:34.513Z] GET Reports - Query: {"employee":"6962a5b28b1b70b5f2ce8935","feedback":{"$exists":true,"$ne":""}} | Sort: {"date":-1} | Found: 1 | User: Ashwin (employee)
[2026-01-12T18:11:48.142Z] GET Reports - Query: {"employee":"6962a5b28b1b70b5f2ce8935","feedback":{"$exists":true,"$ne":""}} | Sort: {"date":-1} | Found: 1 | User: Ashwin (employee)
[2026-01-12T18:11:55.826Z] GET Reports - Query: {"employee":"6962a5b28b1b70b5f2ce8935","feedback":{"$exists":true,"$ne":""}} | Sort: {"date":-1} | Found: 1 | User: Ashwin (employee)
[2026-01-12T18:12:00.579Z] GET Reports - Query: {"employee":"6962a5b28b1b70b5f2ce8935","feedback":{"$exists":true,"$ne":""}} | Sort: {"date":-1} | Found: 1 | User: Ashwin (employee)
[2026-01-12T18:12:01.082Z] GET Reports - Query: {"employee":"6962a5b28b1b70b5f2ce8935","feedback":{"$exists":true,"$ne":""}} | Sort: {"date":-1} | Found: 1 | User: Ashwin (employee)
[2026-01-12T18:15:23.789Z] GET Reports - Query: {"employee":"6962a5b28b1b70b5f2ce8935","feedback":{"$exists":true,"$ne":""}} | Sort: {"date":-1} | Found: 1 | User: Ashwin (employee)
[2026-01-12T18:15:23.986Z] GET Reports - Query: {"employee":"6962a5b28b1b70b5f2ce8935","feedback":{"$exists":true,"$ne":""}} | Sort: {"date":-1} | Found: 1 | User: Ashwin (employee)
[2026-01-12T18:21:54.382Z] GET Reports - Query: {"employee":"6962a5b28b1b70b5f2ce8935","feedback":{"$exists":true,"$ne":""}} | Sort: {"date":-1} | Found: 1 | User: Ashwin (employee)
[2026-01-12T18:21:57.603Z] GET Reports - Query: {"employee":"6962a5b28b1b70b5f2ce8935","feedback":{"$exists":true,"$ne":""}} | Sort: {"date":-1} | Found: 1 | User: Ashwin (employee)
[2026-01-12T18:22:11.432Z] GET Reports - Query: {"employee":"6962a5b28b1b70b5f2ce8935","feedback":{"$exists":true,"$ne":""}} | Sort: {"date":-1} | Found: 1 | User: Ashwin (employee)
[2026-01-12T18:22:12.316Z] GET Reports - Query: {"employee":"6962a5b28b1b70b5f2ce8935","feedback":{"$exists":true,"$ne":""}} | Sort: {"date":-1} | Found: 1 | User: Ashwin (employee)
[2026-01-12T18:37:20.642Z] GET Reports - Query: {"employee":"69653f392a2a86173130471f","feedback":{"$exists":true,"$ne":""}} | Sort: {"date":-1} | Found: 0 | User: Kshitismita Panda (employee)
[2026-01-12T18:37:21.202Z] GET Reports - Query: {"employee":"69653f392a2a86173130471f","feedback":{"$exists":true,"$ne":""}} | Sort: {"date":-1} | Found: 0 | User: Kshitismita Panda (employee)
[2026-01-12T18:37:55.579Z] GET Reports - Query: {"employee":"69653f392a2a86173130471f","feedback":{"$exists":true,"$ne":""}} | Sort: {"date":-1} | Found: 0 | User: Kshitismita Panda (employee)
[2026-01-12T18:37:57.646Z] GET Reports - Query: {"employee":"69653f392a2a86173130471f","feedback":{"$exists":true,"$ne":""}} | Sort: {"date":-1} | Found: 0 | User: Kshitismita Panda (employee)
[2026-01-12T18:43:54.811Z] GET Reports - Query: {"employee":"69653f392a2a86173130471f","feedback":{"$exists":true,"$ne":""}} | Sort: {"date":-1} | Found: 0 | User: Kshitismita Panda (employee)
[2026-01-12T18:43:55.305Z] GET Reports - Query: {"employee":"69653f392a2a86173130471f","feedback":{"$exists":true,"$ne":""}} | Sort: {"date":-1} | Found: 0 | User: Kshitismita Panda (employee)
[2026-01-12T18:44:01.870Z] GET Reports - Query: {"employee":"69653f392a2a86173130471f","feedback":{"$exists":true,"$ne":""}} | Sort: {"date":-1} | Found: 0 | User: Kshitismita Panda (employee)
[2026-01-12T18:44:02.372Z] GET Reports - Query: {"employee":"69653f392a2a86173130471f","feedback":{"$exists":true,"$ne":""}} | Sort: {"date":-1} | Found: 0 | User: Kshitismita Panda (employee)
[2026-01-12T18:44:51.253Z] GET Reports - Query: {"employee":"69653f392a2a86173130471f","feedback":{"$exists":true,"$ne":""}} | Sort: {"date":-1} | Found: 0 | User: Kshitismita Panda (employee)
[2026-01-12T18:44:51.982Z] GET Reports - Query: {"employee":"69653f392a2a86173130471f","feedback":{"$exists":true,"$ne":""}} | Sort: {"date":-1} | Found: 0 | User: Kshitismita Panda (employee)
[2026-01-12T18:46:05.432Z] GET Reports - Query: {"employee":"69653f392a2a86173130471f","feedback":{"$exists":true,"$ne":""}} | Sort: {"date":-1} | Found: 0 | User: Kshitismita Panda (employee)
[2026-01-12T18:46:07.058Z] GET Reports - Query: {"employee":"69653f392a2a86173130471f","feedback":{"$exists":true,"$ne":""}} | Sort: {"date":-1} | Found: 0 | User: Kshitismita Panda (employee)
[2026-01-12T18:46:18.511Z] GET Reports - Query: {"employee":"69653f392a2a86173130471f","feedback":{"$exists":true,"$ne":""}} | Sort: {"date":-1} | Found: 0 | User: Kshitismita Panda (employee)
[2026-01-12T18:46:19.125Z] GET Reports - Query: {"employee":"69653f392a2a86173130471f","feedback":{"$exists":true,"$ne":""}} | Sort: {"date":-1} | Found: 0 | User: Kshitismita Panda (employee)
[2026-01-12T18:46:54.921Z] GET Reports - Query: {"employee":"69653f392a2a86173130471f","feedback":{"$exists":true,"$ne":""}} | Sort: {"date":-1} | Found: 0 | User: Kshitismita Panda (employee)
[2026-01-12T18:46:55.322Z] GET Reports - Query: {"employee":"69653f392a2a86173130471f","feedback":{"$exists":true,"$ne":""}} | Sort: {"date":-1} | Found: 0 | User: Kshitismita Panda (employee)
[2026-01-12T18:50:07.590Z] GET Reports - Query: {"employee":"69653f392a2a86173130471f","feedback":{"$exists":true,"$ne":""}} | Sort: {"date":-1} | Found: 0 | User: Kshitismita Panda (employee)
[2026-01-12T18:50:08.094Z] GET Reports - Query: {"employee":"69653f392a2a86173130471f","feedback":{"$exists":true,"$ne":""}} | Sort: {"date":-1} | Found: 0 | User: Kshitismita Panda (employee)
[2026-01-12T18:54:22.431Z] GET Reports - Query: {"employee":"69653f392a2a86173130471f","feedback":{"$exists":true,"$ne":""}} | Sort: {"date":-1} | Found: 0 | User: Kshitismita Panda (employee)
[2026-01-12T18:54:22.752Z] GET Reports - Query: {"employee":"69653f392a2a86173130471f","feedback":{"$exists":true,"$ne":""}} | Sort: {"date":-1} | Found: 0 | User: Kshitismita Panda (employee)
[2026-01-12T19:08:39.943Z] GET Reports - Query: {"employee":"69653f392a2a86173130471f","feedback":{"$exists":true,"$ne":""}} | Sort: {"date":-1} | Found: 0 | User: Kshitismita Panda (employee)
[2026-01-12T19:08:40.514Z] GET Reports - Query: {"employee":"69653f392a2a86173130471f","feedback":{"$exists":true,"$ne":""}} | Sort: {"date":-1} | Found: 0 | User: Kshitismita Panda (employee)
[2026-01-12T19:08:59.469Z] GET Reports - Query: {"employee":"69653f392a2a86173130471f"} | Sort: {"date":-1} | Found: 0 | User: Kshitismita Panda (employee)
[2026-01-12T19:08:59.794Z] GET Reports - Query: {"employee":"69653f392a2a86173130471f"} | Sort: {"date":-1} | Found: 0 | User: Kshitismita Panda (employee)
[2026-01-12T19:09:00.219Z] GET Reports - Query: {"employee":"69653f392a2a86173130471f"} | Sort: {"date":-1} | Found: 0 | User: Kshitismita Panda (employee)
[2026-01-12T19:09:19.520Z] GET Reports - Query: {"employee":"69653f392a2a86173130471f"} | Sort: {"date":-1} | Found: 0 | User: Kshitismita Panda (employee)
[2026-01-12T19:09:19.636Z] GET Reports - Query: {"employee":"69653f392a2a86173130471f"} | Sort: {"date":-1} | Found: 0 | User: Kshitismita Panda (employee)
[2026-01-12T19:09:19.742Z] GET Reports - Query: {"employee":"69653f392a2a86173130471f"} | Sort: {"date":-1} | Found: 0 | User: Kshitismita Panda (employee)
[2026-01-12T19:09:46.871Z] GET Reports - Query: {"employee":"69653f392a2a86173130471f"} | Sort: {"date":-1} | Found: 0 | User: Kshitismita Panda (employee)
[2026-01-12T19:09:47.014Z] GET Reports - Query: {"employee":"69653f392a2a86173130471f"} | Sort: {"date":-1} | Found: 0 | User: Kshitismita Panda (employee)
[2026-01-12T19:09:47.166Z] GET Reports - Query: {"employee":"69653f392a2a86173130471f"} | Sort: {"date":-1} | Found: 0 | User: Kshitismita Panda (employee)
[2026-01-12T19:13:17.386Z] GET Reports - Query: {"employee":"69653f392a2a86173130471f","feedback":{"$exists":true,"$ne":""}} | Sort: {"date":-1} | Found: 0 | User: Kshitismita Panda (employee)
[2026-01-12T19:13:18.111Z] GET Reports - Query: {"employee":"69653f392a2a86173130471f","feedback":{"$exists":true,"$ne":""}} | Sort: {"date":-1} | Found: 0 | User: Kshitismita Panda (employee)
[2026-01-12T19:23:47.354Z] DOWNLOAD DIAGNOSTIC: Attempting to fetch document from source: https://res.cloudinary.com/dyhuj2m92/raw/upload/v1768245741/ems/reference-library/ldqg5ooizkn9j6txhvcv
[2026-01-12T19:24:32.364Z] DOWNLOAD DIAGNOSTIC: Attempting to fetch document from source: https://res.cloudinary.com/dyhuj2m92/raw/upload/v1768245741/ems/reference-library/ldqg5ooizkn9j6txhvcv
[2026-01-12T19:24:48.418Z] DOWNLOAD DIAGNOSTIC: Attempting to fetch document from source: https://res.cloudinary.com/dyhuj2m92/raw/upload/v1768245741/ems/reference-library/ldqg5ooizkn9j6txhvcv
[2026-01-12T19:27:46.075Z] GET Reports - Query: {"employee":"69653f392a2a86173130471f"} | Sort: {"date":-1} | Found: 0 | User: Kshitismita Panda (employee)
[2026-01-12T19:27:46.228Z] GET Reports - Query: {"employee":"69653f392a2a86173130471f"} | Sort: {"date":-1} | Found: 0 | User: Kshitismita Panda (employee)
[2026-01-12T19:27:46.368Z] GET Reports - Query: {"employee":"69653f392a2a86173130471f"} | Sort: {"date":-1} | Found: 0 | User: Kshitismita Panda (employee)
[2026-01-12T19:28:19.785Z] GET Reports - Query: {"employee":"69653f392a2a86173130471f"} | Sort: {"date":-1} | Found: 1 | User: Kshitismita Panda (employee)
[2026-01-12T19:28:19.997Z] GET Reports - Query: {"employee":"69653f392a2a86173130471f"} | Sort: {"date":-1} | Found: 1 | User: Kshitismita Panda (employee)
[2026-01-12T19:28:20.158Z] GET Reports - Query: {"employee":"69653f392a2a86173130471f"} | Sort: {"date":-1} | Found: 1 | User: Kshitismita Panda (employee)
[2026-01-12T19:28:39.449Z] GET Reports - Query: {"employee":"69653f392a2a86173130471f"} | Sort: {"date":-1} | Found: 1 | User: Kshitismita Panda (employee)
[2026-01-12T19:28:45.077Z] GET Reports - Query: {} | Sort: {"date":-1} | Found: 9 | User: Siddhesh (admin)
[2026-01-12T19:28:45.649Z] GET Reports - Query: {} | Sort: {"date":-1} | Found: 9 | User: Siddhesh (admin)
[2026-01-12T19:28:45.941Z] GET Reports - Query: {} | Sort: {"date":-1} | Found: 9 | User: Siddhesh (admin)
[2026-01-12T19:31:39.412Z] GET Reports - Query: {"employee":"69653f392a2a86173130471f"} | Sort: {"date":-1} | Found: 1 | User: Kshitismita Panda (employee)
[2026-01-12T19:31:40.180Z] GET Reports - Query: {"employee":"69653f392a2a86173130471f"} | Sort: {"date":-1} | Found: 1 | User: Kshitismita Panda (employee)
[2026-01-12T19:31:40.680Z] GET Reports - Query: {"employee":"69653f392a2a86173130471f"} | Sort: {"date":-1} | Found: 1 | User: Kshitismita Panda (employee)
[2026-01-12T19:35:21.670Z] GET Reports - Query: {"employee":"69653f392a2a86173130471f","feedback":{"$exists":true,"$ne":""}} | Sort: {"date":-1} | Found: 1 | User: Kshitismita Panda (employee)
[2026-01-12T19:35:33.785Z] GET Reports - Query: {"employee":"69653f392a2a86173130471f","feedback":{"$exists":true,"$ne":""}} | Sort: {"date":-1} | Found: 1 | User: Kshitismita Panda (employee)
[2026-01-12T19:36:58.568Z] GET Reports - Query: {} | Sort: {"date":-1} | Found: 9 | User: Siddhesh (admin)
[2026-01-12T19:37:00.531Z] GET Reports - Query: {} | Sort: {"date":-1} | Found: 9 | User: Siddhesh (admin)
[2026-01-12T19:37:37.185Z] GET Reports - Query: {} | Sort: {"date":-1} | Found: 9 | User: Siddhesh (admin)
[2026-01-12T19:38:28.409Z] GET Reports - Query: {} | Sort: {"date":-1} | Found: 9 | User: Siddhesh (admin)
[2026-01-12T19:38:29.861Z] GET Reports - Query: {} | Sort: {"date":-1} | Found: 9 | User: Siddhesh (admin)
[2026-01-12T19:38:30.407Z] GET Reports - Query: {} | Sort: {"date":-1} | Found: 9 | User: Siddhesh (admin)
[2026-01-12T19:40:17.966Z] GET Reports - Query: {} | Sort: {"date":-1} | Found: 9 | User: Siddhesh (admin)
[2026-01-12T19:40:19.424Z] GET Reports - Query: {} | Sort: {"date":-1} | Found: 9 | User: Siddhesh (admin)
[2026-01-12T19:40:19.997Z] GET Reports - Query: {} | Sort: {"date":-1} | Found: 9 | User: Siddhesh (admin)
[2026-01-12T19:40:26.992Z] GET Reports - Query: {"employee":"69653f392a2a86173130471f"} | Sort: {"date":-1} | Found: 1 | User: Kshitismita Panda (employee)
[2026-01-12T19:40:27.229Z] GET Reports - Query: {"employee":"69653f392a2a86173130471f"} | Sort: {"date":-1} | Found: 1 | User: Kshitismita Panda (employee)
[2026-01-12T19:40:27.538Z] GET Reports - Query: {"employee":"69653f392a2a86173130471f"} | Sort: {"date":-1} | Found: 1 | User: Kshitismita Panda (employee)
[2026-01-12T19:41:00.286Z] GET Reports - Query: {"employee":"69653f392a2a86173130471f"} | Sort: {"date":-1} | Found: 2 | User: Kshitismita Panda (employee)
[2026-01-12T19:41:00.772Z] GET Reports - Query: {"employee":"69653f392a2a86173130471f"} | Sort: {"date":-1} | Found: 2 | User: Kshitismita Panda (employee)
[2026-01-12T19:41:01.029Z] GET Reports - Query: {"employee":"69653f392a2a86173130471f"} | Sort: {"date":-1} | Found: 2 | User: Kshitismita Panda (employee)
[2026-01-12T19:41:12.481Z] GET Reports - Query: {} | Sort: {"date":-1} | Found: 10 | User: Siddhesh (admin)
[2026-01-12T19:41:13.777Z] GET Reports - Query: {} | Sort: {"date":-1} | Found: 10 | User: Siddhesh (admin)
[2026-01-12T19:41:14.128Z] GET Reports - Query: {} | Sort: {"date":-1} | Found: 10 | User: Siddhesh (admin)
[2026-01-12T19:42:06.294Z] GET Reports - Query: {} | Sort: {"date":-1} | Found: 10 | User: Siddhesh (admin)
[2026-01-12T19:42:06.696Z] GET Reports - Query: {} | Sort: {"date":-1} | Found: 10 | User: Siddhesh (admin)
[2026-01-12T19:42:06.940Z] GET Reports - Query: {} | Sort: {"date":-1} | Found: 10 | User: Siddhesh (admin)
[2026-01-12T20:02:13.302Z] GET Reports - Query: {"employee":"69653f392a2a86173130471f"} | Sort: {"date":-1} | Found: 2 | User: Kshitismita Panda (employee)
[2026-01-12T20:02:13.449Z] GET Reports - Query: {"employee":"69653f392a2a86173130471f"} | Sort: {"date":-1} | Found: 2 | User: Kshitismita Panda (employee)
[2026-01-12T20:02:49.819Z] GET Reports - Query: {"employee":"69653f392a2a86173130471f"} | Sort: {"date":-1} | Found: 2 | User: Kshitismita Panda (employee)
[2026-01-12T20:03:21.820Z] GET Reports - Query: {"employee":"69653f392a2a86173130471f","feedback":{"$exists":true,"$ne":""}} | Sort: {"date":-1} | Found: 1 | User: Kshitismita Panda (employee)
[2026-01-12T20:03:26.511Z] GET Reports - Query: {"employee":"69653f392a2a86173130471f","feedback":{"$exists":true,"$ne":""}} | Sort: {"date":-1} | Found: 1 | User: Kshitismita Panda (employee)
[2026-01-13T03:17:16.381Z] GET Reports - Query: {"employee":"69653f392a2a86173130471f","feedback":{"$exists":true,"$ne":""}} | Sort: {"date":-1} | Found: 1 | User: Kshitismita Panda (employee)
[2026-01-13T03:17:17.217Z] GET Reports - Query: {"employee":"69653f392a2a86173130471f","feedback":{"$exists":true,"$ne":""}} | Sort: {"date":-1} | Found: 1 | User: Kshitismita Panda (employee)
[2026-01-13T04:35:03.533Z] DOWNLOAD DIAGNOSTIC: Attempting to fetch document from source: https://res.cloudinary.com/dyhuj2m92/image/upload/v1768278830/ems/reference-library/rvkqoedkpnju9h3lr6ak.png
[2026-01-13T04:46:23.111Z] GET Reports - Query: {"employee":"69653f392a2a86173130471f","feedback":{"$exists":true,"$ne":""}} | Sort: {"date":-1} | Found: 1 | User: Kshitismita Panda (employee)
[2026-01-13T04:46:23.773Z] GET Reports - Query: {"employee":"69653f392a2a86173130471f","feedback":{"$exists":true,"$ne":""}} | Sort: {"date":-1} | Found: 1 | User: Kshitismita Panda (employee)
[2026-01-13T04:57:38.771Z] GET Reports - Query: {"employee":"69653f392a2a86173130471f","feedback":{"$exists":true,"$ne":""}} | Sort: {"date":-1} | Found: 1 | User: Kshitismita Panda (employee)
[2026-01-13T04:57:39.323Z] GET Reports - Query: {"employee":"69653f392a2a86173130471f","feedback":{"$exists":true,"$ne":""}} | Sort: {"date":-1} | Found: 1 | User: Kshitismita Panda (employee)
[2026-01-13T05:06:39.183Z] GET Reports - Query: {"employee":"69653f392a2a86173130471f"} | Sort: {"date":-1} | Found: 2 | User: Kshitismita Panda (employee)
[2026-01-13T05:06:39.600Z] GET Reports - Query: {"employee":"69653f392a2a86173130471f"} | Sort: {"date":-1} | Found: 2 | User: Kshitismita Panda (employee)
[2026-01-13T05:06:40.393Z] GET Reports - Query: {"employee":"69653f392a2a86173130471f"} | Sort: {"date":-1} | Found: 2 | User: Kshitismita Panda (employee)
[2026-01-13T05:16:18.934Z] GET Reports - Query: {"employee":"69653f392a2a86173130471f"} | Sort: {"date":-1} | Found: 2 | User: Kshitismita Panda (employee)
[2026-01-13T05:16:19.311Z] GET Reports - Query: {"employee":"69653f392a2a86173130471f"} | Sort: {"date":-1} | Found: 2 | User: Kshitismita Panda (employee)
[2026-01-13T05:16:19.518Z] GET Reports - Query: {"employee":"69653f392a2a86173130471f"} | Sort: {"date":-1} | Found: 2 | User: Kshitismita Panda (employee)
[2026-01-13T05:33:23.592Z] GET Reports - Query: {"employee":"69653f392a2a86173130471f"} | Sort: {"date":-1} | Found: 2 | User: Kshitismita Panda (employee)
[2026-01-13T05:33:23.892Z] GET Reports - Query: {"employee":"69653f392a2a86173130471f"} | Sort: {"date":-1} | Found: 2 | User: Kshitismita Panda (employee)
[2026-01-13T05:33:24.046Z] GET Reports - Query: {"employee":"69653f392a2a86173130471f"} | Sort: {"date":-1} | Found: 2 | User: Kshitismita Panda (employee)
[2026-01-13T05:51:38.381Z] GET Reports - Query: {"employee":"69653f392a2a86173130471f","feedback":{"$exists":true,"$ne":""}} | Sort: {"date":-1} | Found: 1 | User: Kshitismita Panda (employee)
[2026-01-13T05:51:39.167Z] GET Reports - Query: {"employee":"69653f392a2a86173130471f","feedback":{"$exists":true,"$ne":""}} | Sort: {"date":-1} | Found: 1 | User: Kshitismita Panda (employee)
[2026-01-13T05:55:44.356Z] GET Reports - Query: {} | Sort: {"date":-1} | Found: 10 | User: Siddhesh (admin)
[2026-01-13T05:55:44.739Z] GET Reports - Query: {} | Sort: {"date":-1} | Found: 10 | User: Siddhesh (admin)
[2026-01-13T05:55:44.840Z] GET Reports - Query: {} | Sort: {"date":-1} | Found: 10 | User: Siddhesh (admin)
[2026-01-13T07:14:09.942Z] GET Reports - Query: {"employee":"69653f392a2a86173130471f","feedback":{"$exists":true,"$ne":""}} | Sort: {"date":-1} | Found: 1 | User: Kshitismita Panda (employee)
[2026-01-13T07:14:10.175Z] GET Reports - Query: {"employee":"69653f392a2a86173130471f","feedback":{"$exists":true,"$ne":""}} | Sort: {"date":-1} | Found: 1 | User: Kshitismita Panda (employee)
